<?xml version="1.0" ?>
<SIAP>
	<Codigo>60</Codigo>
	<Exercicio>2022</Exercicio>
	<Mes>01</Mes>
	<Adicional>
		<CPF>21208138090</CPF>
		<Matricula>jWBmuGXpYGuTmRqv</Matricula>
		<Processo>06/2021</Processo>
		<NumeroAto>25/2021</NumeroAto>
		<DataAto>2021-05-08</DataAto>
		<VeiculoPublicacao>4</VeiculoPublicacao>
		<DataInicio>2021-06-06</DataInicio>
		<Tipo>2</Tipo>
		<Percentual>27.00</Percentual>
		<Valor>1500.00</Valor>
	</Adicional>
	<Adicional>
		<CPF>42857134037</CPF>
		<Matricula>qwertyuiopasdfgh</Matricula>
		<Processo>01/2021</Processo>
		<NumeroAto>30/2021</NumeroAto>
		<DataAto>2021-01-03</DataAto>
		<VeiculoPublicacao>1</VeiculoPublicacao>
		<DataInicio>2021-02-03</DataInicio>
		<Tipo>6</Tipo>
		<Percentual>12.00</Percentual>
		<Valor>600.00</Valor>
	</Adicional>
	<Adicional>
		<CPF>11908989009</CPF>
		<Matricula>qwqwqwqwqwqwqwqw</Matricula>
		<Processo>07/2021</Processo>
		<NumeroAto>26/2021</NumeroAto>
		<DataAto>2021-07-09</DataAto>
		<VeiculoPublicacao>1</VeiculoPublicacao>
		<DataInicio>2020-01-27</DataInicio>
		<Tipo>3</Tipo>
		<Percentual>30.00</Percentual>
		<Valor>1900.00</Valor>
	</Adicional>
	<Adicional>
		<CPF>34561223061</CPF>
		<Matricula>asdfghjklçzxcvbn</Matricula>
		<Processo>01/2022</Processo>
		<NumeroAto>01/2022</NumeroAto>
		<DataAto>2022-01-08</DataAto>
		<VeiculoPublicacao>5</VeiculoPublicacao>
		<DataInicio>2022-02-08</DataInicio>
		<Tipo>4</Tipo>
		<Percentual>10.00</Percentual>
		<Valor>300.00</Valor>
	</Adicional>
	<Adicional>
		<CPF>59932293067</CPF>
		<Matricula>qvqvqvqvqvqvqvqv</Matricula>
		<Processo>09/2021</Processo>
		<NumeroAto>21/2021</NumeroAto>
		<DataAto>2021-09-25</DataAto>
		<VeiculoPublicacao>4</VeiculoPublicacao>
		<DataInicio>2021-10-25</DataInicio>
		<Tipo>4</Tipo>
		<Percentual>40.00</Percentual>
		<Valor>2000.00</Valor>
	</Adicional>
	<Adicional>
		<CPF>33072913005</CPF>
		<Matricula>ertyertyertyerty</Matricula>
		<Processo>12/2021</Processo>
		<NumeroAto>30/2021</NumeroAto>
		<DataAto>2021-12-12</DataAto>
		<VeiculoPublicacao>5</VeiculoPublicacao>
		<DataInicio>2022-01-12</DataInicio>
		<Tipo>1</Tipo>
		<Percentual>05.00</Percentual>
		<Valor>200.00</Valor>
	</Adicional>
	<Adicional>
		<CPF>01185065016</CPF>
		<Matricula>qiwieiritiyiuioi</Matricula>
		<Processo>12/2020</Processo>
		<NumeroAto>25/2020</NumeroAto>
		<DataAto>2020-03-10</DataAto>
		<VeiculoPublicacao>5</VeiculoPublicacao>
		<DataInicio>2020-04-12</DataInicio>
		<Tipo>7</Tipo>
		<Percentual>25.00</Percentual>
		<Valor>700.00</Valor>
	</Adicional>
	<Adicional>
		<CPF>77382301001</CPF>
		<Matricula>sdsfsgshsjskslso</Matricula>
		<Processo>09/2019</Processo>
		<NumeroAto>20/2019</NumeroAto>
		<DataAto>2019-09-02</DataAto>
		<VeiculoPublicacao>1</VeiculoPublicacao>
		<DataInicio>2019-10-12</DataInicio>
		<Tipo>8</Tipo>
		<Percentual>15.00</Percentual>
		<Valor>650.00</Valor>
	</Adicional>
	<Adicional>
		<CPF>95774267008</CPF>
		<Matricula>wsxedcrfvtgbyhnu</Matricula>
		<Processo>09/2021</Processo>
		<NumeroAto>21/2021</NumeroAto>
		<DataAto>2021-08-08</DataAto>
		<VeiculoPublicacao>3</VeiculoPublicacao>
		<DataInicio>2021-09-08</DataInicio>
		<Tipo>2</Tipo>
		<Percentual>30.00</Percentual>
		<Valor>1200.00</Valor>
	</Adicional>
	<Adicional>
		<CPF>21208138090</CPF>
		<Matricula>mhtngrbhuvcxwedo</Matricula>
		<Processo>10/2021</Processo>
		<NumeroAto>30/2021</NumeroAto>
		<DataAto>2021-04-01</DataAto>
		<VeiculoPublicacao>3</VeiculoPublicacao>
		<DataInicio>2021-05-01</DataInicio>
		<Tipo>3</Tipo>
		<Percentual>17.00</Percentual>
		<Valor>1300.00</Valor>
	</Adicional>
	<Adicional>
		<CPF>51527525066</CPF>
		<Matricula>tytgthtbtntmvcdf</Matricula>
		<Processo>27/2021</Processo>
		<NumeroAto>17/2021</NumeroAto>
		<DataAto>2021-02-03</DataAto>
		<VeiculoPublicacao>4</VeiculoPublicacao>
		<DataInicio>2021-03-23</DataInicio>
		<Tipo>5</Tipo>
		<Percentual>23.00</Percentual>
		<Valor>1600.00</Valor>
	</Adicional>
	<Adicional>
		<CPF>04916742010</CPF>
		<Matricula>qsYTYHgbgngjkilo</Matricula>
		<Processo>22/2021</Processo>
		<NumeroAto>16/2021</NumeroAto>
		<DataAto>2021-02-02</DataAto>
		<VeiculoPublicacao>1</VeiculoPublicacao>
		<DataInicio>2021-03-02</DataInicio>
		<Tipo>4</Tipo>
		<Percentual>18.00</Percentual>
		<Valor>560.00</Valor>
	</Adicional>
	<Adicional>
		<CPF>71189911043</CPF>
		<Matricula>wqdfvbmnpoklhjre</Matricula>
		<Processo>03/2022</Processo>
		<NumeroAto>02/2022</NumeroAto>
		<DataAto>2022-01-05</DataAto>
		<VeiculoPublicacao>1</VeiculoPublicacao>
		<DataInicio>2022-02-05</DataInicio>
		<Tipo>5</Tipo>
		<Percentual>23.00</Percentual>
		<Valor>870.00</Valor>
	</Adicional>
	<Adicional>
		<CPF>80214341046</CPF>
		<Matricula>azxsdcvfgbnhjmkl</Matricula>
		<Processo>04/2022</Processo>
		<NumeroAto>07/2022</NumeroAto>
		<DataAto>2022-01-12</DataAto>
		<VeiculoPublicacao>4</VeiculoPublicacao>
		<DataInicio>2022-02-12</DataInicio>
		<Tipo>3</Tipo>
		<Percentual>28.00</Percentual>
		<Valor>990.00</Valor>
	</Adicional>
	<Adicional>
		<CPF>44810218023</CPF>
		<Matricula>adYHNmjioklpoiqw</Matricula>
		<Processo>08/2022</Processo>
		<NumeroAto>09/2022</NumeroAto>
		<DataAto>2022-01-14</DataAto>
		<VeiculoPublicacao>2</VeiculoPublicacao>
		<DataInicio>2022-02-14</DataInicio>
		<Tipo>6</Tipo>
		<Percentual>12.00</Percentual>
		<Valor>500.00</Valor>
	</Adicional>
	<Adicional>
		<CPF>84194665066</CPF>
		<Matricula>PLkjuiasdcvbzxmj</Matricula>
		<Processo>08/2021</Processo>
		<NumeroAto>24/2021</NumeroAto>
		<DataAto>2021-06-09</DataAto>
		<VeiculoPublicacao>5</VeiculoPublicacao>
		<DataInicio>2021-07-09</DataInicio>
		<Tipo>2</Tipo>
		<Percentual>32.00</Percentual>
		<Valor>1700.00</Valor>
	</Adicional>
	<Adicional>
		<CPF>67860437040</CPF>
		<Matricula>kkijKMklKIkokaks</Matricula>
		<Processo>09/2021</Processo>
		<NumeroAto>25/2021</NumeroAto>
		<DataAto>2021-07-09</DataAto>
		<VeiculoPublicacao>3</VeiculoPublicacao>
		<DataInicio>2021-08-09</DataInicio>
		<Tipo>3</Tipo>
		<Percentual>10.00</Percentual>
		<Valor>1000.00</Valor>
	</Adicional>
	<Adicional>
		<CPF>81107413044</CPF>
		<Matricula>oiouoyotoroeowoq</Matricula>
		<Processo>08/2021</Processo>
		<NumeroAto>26/2021</NumeroAto>
		<DataAto>2021-06-23</DataAto>
		<VeiculoPublicacao>5</VeiculoPublicacao>
		<DataInicio>2021-07-23</DataInicio>
		<Tipo>4</Tipo>
		<Percentual>43.00</Percentual>
		<Valor>2300.00</Valor>
	</Adicional>
	<Adicional>
		<CPF>12549679075</CPF>
		<Matricula>vxvcvzvsvdvevrvb</Matricula>
		<Processo>08/2021</Processo>
		<NumeroAto>26/2021</NumeroAto>
		<DataAto>2021-06-23</DataAto>
		<VeiculoPublicacao>5</VeiculoPublicacao>
		<DataInicio>2021-07-23</DataInicio>
		<Tipo>4</Tipo>
		<Percentual>43.00</Percentual>
		<Valor>2300.00</Valor>
	</Adicional>
</SIAP>
