<?xml version="1.0" ?>
<SIAP>
	<Codigo>60</Codigo>
	<Exercicio>2022</Exercicio>
	<Mes>01</Mes>
	<Admissao>
		<CPF>21208138090</CPF>
		<Matricula>jWBmuGXpYGuTmRqv</Matricula>
		<Processo>34/2013</Processo>
		<NumeroAto>35/2013</NumeroAto>
		<DataAto>2013-06-05</DataAto>
		<VeiculoPublicacao>1</VeiculoPublicacao>
		<DataInicio>2013-07-05</DataInicio>
		<Tipo>1</Tipo>
		<NumeroEdital>05455486389977026118581995468925</NumeroEdital>
		<NumeroInscricao>92713676795625210665089289080521</NumeroInscricao>
		<CodigoCargo>145</CodigoCargo>
		<CodigoCarreira>287</CodigoCarreira>
		<CodigoOrgao>9985</CodigoOrgao>
		<Salario>3000.00</Salario>
	</Admissao>
</SIAP>
