<?xml version="1.0" ?>
<SIAP>
	<Codigo>60</Codigo>
	<Exercicio>2022</Exercicio>
	<Mes>01</Mes>
	<AlteracaoJornadaDeTrabalho>
		<CPF>34561223061</CPF>
		<Matricula>asdfghjklçzxcvbn</Matricula>
		<Processo>008/2015</Processo>
		<NumeroAto>67/2015</NumeroAto>
		<DataAto>2015-07-16</DataAto>
		<VeiculoPublicacao>5</VeiculoPublicacao>
		<DataInicio>2015-08-16</DataInicio>
		<Cargo>154</Cargo>
		<Carreira>287</Carreira>
		<JornadaAnterior>30</JornadaAnterior>
		<Jornada>40</Jornada>
		<BaseLegal></BaseLegal>
		<AlteraSalario>1</AlteraSalario>
		<Percentual>20.02</Percentual>
		<Salario>12500.32</Salario>
	</AlteracaoJornadaDeTrabalho>
</SIAP>
