<?xml version="1.0" ?>
<SIAP>
	<Codigo>60</Codigo>
	<Exercicio>2022</Exercicio>
	<Mes>01</Mes>
	<Aposentadoria>
		<CPF>11908989009</CPF>
		<Matricula>qwqwqwqwqwqwqwqw</Matricula>
		<Processo>56/2021</Processo>
		<NumeroAto>85/2021</NumeroAto>
		<DataAto>2021-03-24</DataAto>
		<VeiculoPublicacao>5</VeiculoPublicacao>
		<DataInicio>2021-12-01</DataInicio>
		<Tipo>3</Tipo>
		<BaseLegal>art. 84 da Lei Organica Municipal No 05/2006 de 11 de dezembro de 2006</BaseLegal>
		<DiasTempoAnterior>2555</DiasTempoAnterior>
		<DiasTempoEfetivo>10950</DiasTempoEfetivo>
		<DiasTempoAfastado>30</DiasTempoAfastado>
		<DiasTempoComissionado>7300</DiasTempoComissionado>
		<DiasAverbacaoPrivado>2555</DiasAverbacaoPrivado>
		<DiasAverbacaoPublica>3650</DiasAverbacaoPublica>
		<Reversao>2</Reversao>
		<AtoReversao></AtoReversao>
		<DataPublicacaoReversao></DataPublicacaoReversao>
		<VeiculoPublicacaoReversao></VeiculoPublicacaoReversao>
		<Revisao>2</Revisao>
		<AtoRevisao></AtoRevisao>
		<DataPublicacaoRevisao></DataPublicacaoRevisao>
		<VeiculoPublicacaoRevisao></VeiculoPublicacaoRevisao>
	</Aposentadoria>
</SIAP>
