<?xml version="1.0" ?>
<SIAP>
	<Codigo>60</Codigo>
	<Exercicio>2022</Exercicio>
	<Mes>01</Mes>
	<Cargo>
		<Codigo>145</Codigo>
		<Nome>Motorista</Nome>
		<DataCriacao>1998-10-05</DataCriacao>
		<DataAtoCriacao>2003-11-02</DataAtoCriacao>
		<AtoCriacao>145/2000</AtoCriacao>
		<VeiculoPublicacaoAtoCriacao>5</VeiculoPublicacaoAtoCriacao>
		<DataExtincao></DataExtincao>
		<DataAtoExtincao></DataAtoExtincao>
		<AtoExtincao></AtoExtincao>
		<VeiculoPublicacaoAtoExtincao></VeiculoPublicacaoAtoExtincao>
		<TipoCargo>1</TipoCargo>
		<Acumulavel>1</Acumulavel>
		<ContagemEspecial>1</ContagemEspecial>
		<HabilitacaoLegal>1</HabilitacaoLegal>
		<DedicacaoExclusiva>1</DedicacaoExclusiva>
		<AposentadoriaEspecial>1</AposentadoriaEspecial>
		<EscolaridadeMinima>3</EscolaridadeMinima>
		<Salario>3000.00</Salario>
		<Percentual>5.45</Percentual>
		<CodigoCarreira>287</CodigoCarreira>
	</Cargo>
</SIAP>
