<?xml version="1.0" ?>
<SIAP>
	<Codigo>60</Codigo>
	<Exercicio>2022</Exercicio>
	<Mes>01</Mes>
	<Carreira>
		<Codigo>287</Codigo>
		<Nome>Servidor</Nome>
		<DataCriacao>1997-09-02</DataCriacao>
		<DataAtoCriacao>1998-09-15</DataAtoCriacao>
		<AtoCriacao>157/1998</AtoCriacao>
		<VeiculoPublicacaoAtoCriacao>1</VeiculoPublicacaoAtoCriacao>
		<AlteracaoNomenclatura></AlteracaoNomenclatura>
		<DataAlteracao></DataAlteracao>
		<DataAtoAlteracao></DataAtoAlteracao>
		<AtoAlteracao></AtoAlteracao>
		<VeiculoPublicacaoAtoAlteracao></VeiculoPublicacaoAtoAlteracao>
		<DataExtincao></DataExtincao>
		<DataAtoExtincao></DataAtoExtincao>
		<AtoExtincao></AtoExtincao>
		<VeiculoPublicacaoAtoExtincao></VeiculoPublicacaoAtoExtincao>
	</Carreira>
</SIAP>
