<?xml version="1.0" ?>
<SIAP>
	<Codigo>60</Codigo>
	<Exercicio>2022</Exercicio>
	<Mes>01</Mes>
	<Cessao>
		<CPF>59932293067</CPF>
		<Matricula>qvqvqvqvqvqvqvqv</Matricula>
		<Processo>39/2015</Processo>
		<NumeroAto>54/2015</NumeroAto>
		<DataAto>2015-01-02</DataAto>
		<VeiculoPublicacao>1</VeiculoPublicacao>
		<DataInicio>2015-02-02</DataInicio>
		<DataFim>2016-02-02</DataFim>
		<Onus>1</Onus>
		<CNPJCedente>08103219000128</CNPJCedente>
		<CNPJCessionario>87556227000104</CNPJCessionario>
	</Cessao>
</SIAP>
