<?xml version="1.0" ?>
<SIAP>
	<Codigo>60</Codigo>
	<Exercicio>2022</Exercicio>
	<Mes>01</Mes>
	<DesignacaoCargoComissaoFuncaoGratificada>
		<CPF>77382301001</CPF>
		<Matricula>sdsfsgshsjskslso</Matricula>
		<Processo>46/2018</Processo>
		<NumeroAto>234/2018</NumeroAto>
		<DataAto>2018-07-21</DataAto>
		<VeiculoPublicacao>1</VeiculoPublicacao>
		<DataInicio>2018-09-01</DataInicio>
		<FuncaoGratificada>314</FuncaoGratificada>
		<CargoComissao>154</CargoComissao>
		<PercentalSalarioEfeitvo>98.00</PercentalSalarioEfeitvo>
		<PercentalSalarioComissionado>01.00</PercentalSalarioComissionado>
		<ValorFuncaoGratificada>889.72</ValorFuncaoGratificada>
		<PercentalFuncaoGratificada>01.00</PercentalFuncaoGratificada>
	</DesignacaoCargoComissaoFuncaoGratificada>
</SIAP>
