<?xml version="1.0" ?>
<SIAP>
	<Codigo>60</Codigo>
	<Exercicio>2022</Exercicio>
	<Mes>01</Mes>
	<FuncaoGratificadaCargoComissionado>
		<Codigo>314</Codigo>
		<Nome>Inspetor Fiscal</Nome>
		<CodigoOrgao>9985</CodigoOrgao>
		<DataCriacaoFG>2000-08-17</DataCriacaoFG>
		<DataAtoCriacaoFG>2001-06-29</DataAtoCriacaoFG>
		<AtoCriacaoFG>25/2001</AtoCriacaoFG>
		<VeiculoPublicacaoAtoCriacao>1</VeiculoPublicacaoAtoCriacao>
		<DataExtincao></DataExtincao>
		<DataAtoExtincao></DataAtoExtincao>
		<AtoExtincao></AtoExtincao>
		<VeiculoPublicacaoAtoExtincao></VeiculoPublicacaoAtoExtincao>
		<ValorGratificacao>2300.12</ValorGratificacao>
		<Percentual>09.16</Percentual>
	</FuncaoGratificadaCargoComissionado>
</SIAP>
