<?xml version="1.0" ?>
<SIAP>
	<Codigo>60</Codigo>
	<Exercicio>2022</Exercicio>
	<Mes>01</Mes>
	<ItemFolha>
		<CPF>21208138090</CPF>
		<Matricula>mhtngrbhuvcxwedo</Matricula>
		<MesCompetencia>11</MesCompetencia>
		<Ano>2002</Ano>
		<CNPJFontePagadora>74035267000150</CNPJFontePagadora>
		<Natureza>1003</Natureza>
		<Tipo>3</Tipo>
		<Descricao>Valor correspondente à hora extraordinária de trabalho, acrescido de percentual de no mínimo 50%</Descricao>
		<IncideContribuicaoRPPS>4</IncideContribuicaoRPPS>
		<IncideIRRF>11</IncideIRRF>
		<TetoRemuneratorio>2</TetoRemuneratorio>
		<IncideContribuicaoRGPS>00</IncideContribuicaoRGPS>
		<IncideFGTS>11</IncideFGTS>
		<Valor>3135.25</Valor>
	</ItemFolha>
</SIAP>
