<?xml version="1.0" ?>
<SIAP>
	<Codigo>60</Codigo>
	<Exercicio>2022</Exercicio>
	<Mes>01</Mes>
	<Orgao>
		<Codigo>9985</Codigo>
		<CNPJ>44400709000150</CNPJ>
		<Nome>Serviços</Nome>
		<Sigla>SER</Sigla>
		<DataCriacao>2000-04-03</DataCriacao>
		<DataAtoCriacao>2002-07-06</DataAtoCriacao>
		<AtoCriacao>230/2000</AtoCriacao>
		<VeiculoPublicacaoAtoCriacao>1</VeiculoPublicacaoAtoCriacao>
		<DataExtincao></DataExtincao>
		<DataAtoExtincao></DataAtoExtincao>
		<AtoExtincao></AtoExtincao>
		<VeiculoPublicacaoAtoExtincao></VeiculoPublicacaoAtoExtincao>
		<CodigoOrgaoPai></CodigoOrgaoPai>
	</Orgao>
</SIAP>
