<?xml version="1.0" ?>
<SIAP>
	<Codigo>60</Codigo>
	<Exercicio>2022</Exercicio>
	<Mes>01</Mes>
	<Pensionista>
		<CPF>71189911043</CPF>
		<Matricula>wqdfvbmnpoklhjre</Matricula>
		<Processo>023/2021</Processo>
		<NumeroAto>22/2021</NumeroAto>
		<DataAto>2021-03-07</DataAto>
		<VeiculoPublicacao>4</VeiculoPublicacao>
		<CPFPensionista>21125771070</CPFPensionista>
		<NomePensionista>Leonardo Alves</NomePensionista>
		<DataNascimento>1997-03-25</DataNascimento>
		<GrauParentesco>1</GrauParentesco>
		<TipoBeneficio>2</TipoBeneficio>
		<DataInicio>2021-04-07</DataInicio>
		<DataFim></DataFim>
		<Percentual>70.40</Percentual>
		<Responsavel>1</Responsavel>
		<Revisao>2</Revisao>
	</Pensionista>
</SIAP>
