<?xml version="1.0" ?>
<SIAP>
	<Codigo>60</Codigo>
	<Exercicio>2022</Exercicio>
	<Mes>01</Mes>
	<ProgressaoFuncional>
		<CPF>80214341046</CPF>
		<Matricula>azxsdcvfgbnhjmkl</Matricula>
		<Processo>29/2022</Processo>
		<NumeroAto>07/2022</NumeroAto>
		<DataAto>2022-01-09</DataAto>
		<VeiculoPublicacao>1</VeiculoPublicacao>
		<DataInicio>2022-05-30</DataInicio>
		<ClasseAnterior>565</ClasseAnterior>
		<NivelAnterior>003</NivelAnterior>
		<Classe>566</Classe>
		<Nivel>002</Nivel>
	</ProgressaoFuncional>
</SIAP>
