<?xml version="1.0" ?>
<SIAP>
	<Codigo>60</Codigo>
	<Exercicio>2022</Exercicio>
	<Mes>01</Mes>
	<Servidor>
		<CPF>21208138090</CPF>
		<Nome>Jose Fulano de Tal</Nome>
		<NomeSocial>Jose Fulano de Tal</NomeSocial>
		<RG>328478076</RG>
		<DataExpedicaoRG>2014-12-29</DataExpedicaoRG>
		<NumeroCTPS>227729723</NumeroCTPS>
		<NumeroPISPasep>53511253033</NumeroPISPasep>
		<NumeroTituloEleitor>308951456112</NumeroTituloEleitor>
		<TituloEleitorZona>6247797805</TituloEleitorZona>
		<TituloEleitorSecao>7890769387</TituloEleitorSecao>
		<TituloEleitorUF>MS</TituloEleitorUF>
		<DataNascimento>1996-02-15</DataNascimento>
		<UFNascimento>MS</UFNascimento>
		<CidadeNascimento>Campo Grande</CidadeNascimento>
		<Escolaridade>3</Escolaridade>
		<Sexo>M</Sexo>
		<EstadoCivil>3</EstadoCivil>
		<NomeMae>Dona Mae Fulano de Tal</NomeMae>
		<NomePai>Seu Pai Fulano de Tal</NomePai>
		<Email>emailfulano@email.com.br</Email>
		<TelefoneFixo>8238251444</TelefoneFixo>
		<TelefoneCelular>82988117711</TelefoneCelular>
	</Servidor>
	<Servidor>
		<CPF>42857134037</CPF>
		<Nome>Maria das Dores da Silva</Nome>
		<NomeSocial>Maria das Dores</NomeSocial>
		<RG>508302031</RG>
		<DataExpedicaoRG>2010-10-13</DataExpedicaoRG>
		<NumeroCTPS>9531806545</NumeroCTPS>
		<NumeroPISPasep>95772733003</NumeroPISPasep>
		<NumeroTituloEleitor>308951456112</NumeroTituloEleitor>
		<TituloEleitorZona>0279802304</TituloEleitorZona>
		<TituloEleitorSecao>1212121227</TituloEleitorSecao>
		<TituloEleitorUF>SP</TituloEleitorUF>
		<DataNascimento>1970-04-10</DataNascimento>
		<UFNascimento>SP</UFNascimento>
		<CidadeNascimento>Ribeirão Preto</CidadeNascimento>
		<Escolaridade>4</Escolaridade>
		<Sexo>F</Sexo>
		<EstadoCivil>5</EstadoCivil>
		<NomeMae>Marilene das Dores</NomeMae>
		<NomePai>Francisco da Silva</NomePai>
		<Email>mariadasdores@email.com.br</Email>
		<TelefoneFixo>8238251444</TelefoneFixo>
		<TelefoneCelular>82988117711</TelefoneCelular>
	</Servidor>
	<Servidor>
		<CPF>11908989009</CPF>
		<Nome>João Gomes Martins</Nome>
		<NomeSocial>João Martins</NomeSocial>
		<RG>498078334</RG>
		<DataExpedicaoRG>2012-03-16</DataExpedicaoRG>
		<NumeroCTPS>8526366540</NumeroCTPS>
		<NumeroPISPasep>63649678158</NumeroPISPasep>
		<NumeroTituloEleitor>484152101767</NumeroTituloEleitor>
		<TituloEleitorZona>1111111111</TituloEleitorZona>
		<TituloEleitorSecao>2222222222</TituloEleitorSecao>
		<TituloEleitorUF>AL</TituloEleitorUF>
		<DataNascimento>1967-03-15</DataNascimento>
		<UFNascimento>MS</UFNascimento>
		<CidadeNascimento>Bonito</CidadeNascimento>
		<Escolaridade>4</Escolaridade>
		<Sexo>M</Sexo>
		<EstadoCivil>1</EstadoCivil>
		<NomeMae>Kelly Gomes</NomeMae>
		<NomePai>Marcos Martins</NomePai>
		<Email>joaogm@email.com.br</Email>
		<TelefoneFixo>8238251444</TelefoneFixo>
		<TelefoneCelular>82988117711</TelefoneCelular>
	</Servidor>
	<Servidor>
		<CPF>34561223061</CPF>
		<Nome>Mariana Oliveira Santos</Nome>
		<NomeSocial>Mariana</NomeSocial>
		<RG>285337695</RG>
		<DataExpedicaoRG>2006-07-17</DataExpedicaoRG>
		<NumeroCTPS>7714928853</NumeroCTPS>
		<NumeroPISPasep>97859480570</NumeroPISPasep>
		<NumeroTituloEleitor>873021461902</NumeroTituloEleitor>
		<TituloEleitorZona>2636465667</TituloEleitorZona>
		<TituloEleitorSecao>3435363738</TituloEleitorSecao>
		<TituloEleitorUF>MS</TituloEleitorUF>
		<DataNascimento>1980-05-20</DataNascimento>
		<UFNascimento>MS</UFNascimento>
		<CidadeNascimento>Campo Grande</CidadeNascimento>
		<Escolaridade>5</Escolaridade>
		<Sexo>F</Sexo>
		<EstadoCivil>2</EstadoCivil>
		<NomeMae>Olivia Oliveira</NomeMae>
		<NomePai>Fabio Santos</NomePai>
		<Email>marianaos@email.com.br</Email>
		<TelefoneFixo>8238251444</TelefoneFixo>
		<TelefoneCelular>82988117711</TelefoneCelular>
	</Servidor>
	<Servidor>
		<CPF>59932293067</CPF>
		<Nome>Helio Matias</Nome>
		<NomeSocial>Helio Matiasa</NomeSocial>
		<RG>265992448</RG>
		<DataExpedicaoRG>2016-02-09</DataExpedicaoRG>
		<NumeroCTPS>8624767838</NumeroCTPS>
		<NumeroPISPasep>70348095415</NumeroPISPasep>
		<NumeroTituloEleitor>786601261945</NumeroTituloEleitor>
		<TituloEleitorZona>1213141516</TituloEleitorZona>
		<TituloEleitorSecao>4546474849</TituloEleitorSecao>
		<TituloEleitorUF>MS</TituloEleitorUF>
		<DataNascimento>1992-07-22</DataNascimento>
		<UFNascimento>MS</UFNascimento>
		<CidadeNascimento>Dourados</CidadeNascimento>
		<Escolaridade>3</Escolaridade>
		<Sexo>M</Sexo>
		<EstadoCivil>3</EstadoCivil>
		<NomeMae>Tania Matias</NomeMae>
		<NomePai>Gabriel Matias</NomePai>
		<Email>heliom@email.com.br</Email>
		<TelefoneFixo>8238251444</TelefoneFixo>
		<TelefoneCelular>82988117711</TelefoneCelular>
	</Servidor>
	<Servidor>
		<CPF>33072913005</CPF>
		<Nome>Paula Maria Joana</Nome>
		<NomeSocial>Maria Joana</NomeSocial>
		<RG>467860622</RG>
		<DataExpedicaoRG>2011-11-11</DataExpedicaoRG>
		<NumeroCTPS>9757907054</NumeroCTPS>
		<NumeroPISPasep>78302210942</NumeroPISPasep>
		<NumeroTituloEleitor>083703850639</NumeroTituloEleitor>
		<TituloEleitorZona>9897969594</TituloEleitorZona>
		<TituloEleitorSecao>0908070605</TituloEleitorSecao>
		<TituloEleitorUF>PR</TituloEleitorUF>
		<DataNascimento>1970-03-25</DataNascimento>
		<UFNascimento>PR</UFNascimento>
		<CidadeNascimento>Curitiba</CidadeNascimento>
		<Escolaridade>6</Escolaridade>
		<Sexo>F</Sexo>
		<EstadoCivil>2</EstadoCivil>
		<NomeMae>Joana Marques Couto</NomeMae>
		<NomePai>Bruno Joana Joao</NomePai>
		<Email>paulamaria@email.com.br</Email>
		<TelefoneFixo>8238251444</TelefoneFixo>
		<TelefoneCelular>82988117711</TelefoneCelular>
	</Servidor>
	<Servidor>
		<CPF>01185065016</CPF>
		<Nome>Rosalia Nantes Junior</Nome>
		<NomeSocial>Rosalia Nantes</NomeSocial>
		<RG>445589462</RG>
		<DataExpedicaoRG>1999-01-27</DataExpedicaoRG>
		<NumeroCTPS>6359436338</NumeroCTPS>
		<NumeroPISPasep>55694403986</NumeroPISPasep>
		<NumeroTituloEleitor>470220631953</NumeroTituloEleitor>
		<TituloEleitorZona>3627465869</TituloEleitorZona>
		<TituloEleitorSecao>1929394959</TituloEleitorSecao>
		<TituloEleitorUF>MS</TituloEleitorUF>
		<DataNascimento>1987-03-12</DataNascimento>
		<UFNascimento>MS</UFNascimento>
		<CidadeNascimento>Três Lagoas</CidadeNascimento>
		<Escolaridade>5</Escolaridade>
		<Sexo>F</Sexo>
		<EstadoCivil>1</EstadoCivil>
		<NomeMae>Diana Nantes</NomeMae>
		<NomePai>Saulo Junior</NomePai>
		<Email>rosalianj@email.com.br</Email>
		<TelefoneFixo>8238251444</TelefoneFixo>
		<TelefoneCelular>82988117711</TelefoneCelular>
	</Servidor>
	<Servidor>
		<CPF>77382301001</CPF>
		<Nome>Vitor Junqueira Campos</Nome>
		<NomeSocial>Junqueira Campos</NomeSocial>
		<RG>253245114</RG>
		<DataExpedicaoRG>2012-05-29</DataExpedicaoRG>
		<NumeroCTPS>5122761926</NumeroCTPS>
		<NumeroPISPasep>96011552454</NumeroPISPasep>
		<NumeroTituloEleitor>741370060299</NumeroTituloEleitor>
		<TituloEleitorZona>2345678990</TituloEleitorZona>
		<TituloEleitorSecao>7191719181</TituloEleitorSecao>
		<TituloEleitorUF>MG</TituloEleitorUF>
		<DataNascimento>1976-05-16</DataNascimento>
		<UFNascimento>MG</UFNascimento>
		<CidadeNascimento>Belo Horizonte</CidadeNascimento>
		<Escolaridade>6</Escolaridade>
		<Sexo>M</Sexo>
		<EstadoCivil>6</EstadoCivil>
		<NomeMae>Holanda Junqueira</NomeMae>
		<NomePai>Paulo Campos</NomePai>
		<Email>vitorjc@email.com.br</Email>
		<TelefoneFixo>8238251444</TelefoneFixo>
		<TelefoneCelular>82988117711</TelefoneCelular>
	</Servidor>
	<Servidor>
		<CPF>95774267008</CPF>
		<Nome>Tamires Almeida</Nome>
		<NomeSocial>Tamires</NomeSocial>
		<RG>285122447</RG>
		<DataExpedicaoRG>2013-07-30</DataExpedicaoRG>
		<NumeroCTPS>3736109393</NumeroCTPS>
		<NumeroPISPasep>77550614883</NumeroPISPasep>
		<NumeroTituloEleitor>826003451910</NumeroTituloEleitor>
		<TituloEleitorZona>6117797805</TituloEleitorZona>
		<TituloEleitorSecao>7111169387</TituloEleitorSecao>
		<TituloEleitorUF>MS</TituloEleitorUF>
		<DataNascimento>1972-08-09</DataNascimento>
		<UFNascimento>MS</UFNascimento>
		<CidadeNascimento>Corumba</CidadeNascimento>
		<Escolaridade>7</Escolaridade>
		<Sexo>F</Sexo>
		<EstadoCivil>5</EstadoCivil>
		<NomeMae>Tauani Almeida</NomeMae>
		<NomePai>Joao Almeida</NomePai>
		<Email>tamiresa@email.com.br</Email>
		<TelefoneFixo>8238251444</TelefoneFixo>
		<TelefoneCelular>82988117711</TelefoneCelular>
	</Servidor>
	<Servidor>
		<CPF>21208138090</CPF>
		<Nome>José Fulano de Tal</Nome>
		<NomeSocial>José Fulano de Tal</NomeSocial>
		<RG>328478076</RG>
		<DataExpedicaoRG>2014-12-29</DataExpedicaoRG>
		<NumeroCTPS>227797231</NumeroCTPS>
		<NumeroPISPasep>53511253033</NumeroPISPasep>
		<NumeroTituloEleitor>308951456112</NumeroTituloEleitor>
		<TituloEleitorZona>6247797805</TituloEleitorZona>
		<TituloEleitorSecao>7890769387</TituloEleitorSecao>
		<TituloEleitorUF>MS</TituloEleitorUF>
		<DataNascimento>2016-02-15</DataNascimento>
		<UFNascimento>MS</UFNascimento>
		<CidadeNascimento>campo Grande</CidadeNascimento>
		<Escolaridade>4</Escolaridade>
		<Sexo>M</Sexo>
		<EstadoCivil>3</EstadoCivil>
		<NomeMae>Dona Mãe Fulano de Tal</NomeMae>
		<NomePai>Seu Pai Fulano de Tal</NomePai>
		<Email>emailfulano@email.com.br</Email>
		<TelefoneFixo>8238251444</TelefoneFixo>
		<TelefoneCelular>82988117711</TelefoneCelular>
	</Servidor>
	<Servidor>
		<CPF>51527525066</CPF>
		<Nome>Januario Figueiredo Lima</Nome>
		<NomeSocial>Januario Lima</NomeSocial>
		<RG>139631896</RG>
		<DataExpedicaoRG>2011-11-11</DataExpedicaoRG>
		<NumeroCTPS>9217685845</NumeroCTPS>
		<NumeroPISPasep>73355168591</NumeroPISPasep>
		<NumeroTituloEleitor>741082760140</NumeroTituloEleitor>
		<TituloEleitorZona>6267767806</TituloEleitorZona>
		<TituloEleitorSecao>7666769387</TituloEleitorSecao>
		<TituloEleitorUF>SP</TituloEleitorUF>
		<DataNascimento>1985-04-01</DataNascimento>
		<UFNascimento>SP</UFNascimento>
		<CidadeNascimento>São Paulo</CidadeNascimento>
		<Escolaridade>8</Escolaridade>
		<Sexo>M</Sexo>
		<EstadoCivil>3</EstadoCivil>
		<NomeMae>Liara Figueiredo</NomeMae>
		<NomePai>Santiago Lima</NomePai>
		<Email>januariofl@email.com.br</Email>
		<TelefoneFixo>8238251444</TelefoneFixo>
		<TelefoneCelular>82988117711</TelefoneCelular>
	</Servidor>
	<Servidor>
		<CPF>04916742010</CPF>
		<Nome>Horacio Pereira</Nome>
		<NomeSocial>Harry</NomeSocial>
		<RG>318061363</RG>
		<DataExpedicaoRG>2009-09-30</DataExpedicaoRG>
		<NumeroCTPS>1042191383</NumeroCTPS>
		<NumeroPISPasep>77311057649</NumeroPISPasep>
		<NumeroTituloEleitor>017672841988</NumeroTituloEleitor>
		<TituloEleitorZona>5555597805</TituloEleitorZona>
		<TituloEleitorSecao>7890755555</TituloEleitorSecao>
		<TituloEleitorUF>MS</TituloEleitorUF>
		<DataNascimento>1996-04-09</DataNascimento>
		<UFNascimento>MS</UFNascimento>
		<CidadeNascimento>Ponta Porã</CidadeNascimento>
		<Escolaridade>3</Escolaridade>
		<Sexo>M</Sexo>
		<EstadoCivil>4</EstadoCivil>
		<NomeMae>Lilian Pereira</NomeMae>
		<NomePai>James Pereira</NomePai>
		<Email>harry@email.com.br</Email>
		<TelefoneFixo>8238251444</TelefoneFixo>
		<TelefoneCelular>82988117711</TelefoneCelular>
	</Servidor>
	<Servidor>
		<CPF>71189911043</CPF>
		<Nome>Jamira Alves</Nome>
		<NomeSocial>Jamira</NomeSocial>
		<RG>175217725</RG>
		<DataExpedicaoRG>1998-10-31</DataExpedicaoRG>
		<NumeroCTPS>2393454704</NumeroCTPS>
		<NumeroPISPasep>19934497398</NumeroPISPasep>
		<NumeroTituloEleitor>720655751970</NumeroTituloEleitor>
		<TituloEleitorZona>3333797805</TituloEleitorZona>
		<TituloEleitorSecao>3390339399</TituloEleitorSecao>
		<TituloEleitorUF>MS</TituloEleitorUF>
		<DataNascimento>1967-05-08</DataNascimento>
		<UFNascimento>MS</UFNascimento>
		<CidadeNascimento>Miranda</CidadeNascimento>
		<Escolaridade>8</Escolaridade>
		<Sexo>F</Sexo>
		<EstadoCivil>1</EstadoCivil>
		<NomeMae>Gabriela Alves</NomeMae>
		<NomePai>Guilherme Alves</NomePai>
		<Email>jamiraal@email.com.br</Email>
		<TelefoneFixo>8238251444</TelefoneFixo>
		<TelefoneCelular>82988117711</TelefoneCelular>
	</Servidor>
	<Servidor>
		<CPF>80214341046</CPF>
		<Nome>Thiago Barbosa Barros</Nome>
		<NomeSocial>Thiago Barros</NomeSocial>
		<RG>349653355</RG>
		<DataExpedicaoRG>2000-12-29</DataExpedicaoRG>
		<NumeroCTPS>0198615688</NumeroCTPS>
		<NumeroPISPasep>41291760039</NumeroPISPasep>
		<NumeroTituloEleitor>128764231961</NumeroTituloEleitor>
		<TituloEleitorZona>6000797805</TituloEleitorZona>
		<TituloEleitorSecao>7000769387</TituloEleitorSecao>
		<TituloEleitorUF>MS</TituloEleitorUF>
		<DataNascimento>1990-02-23</DataNascimento>
		<UFNascimento>MS</UFNascimento>
		<CidadeNascimento>Jardim</CidadeNascimento>
		<Escolaridade>5</Escolaridade>
		<Sexo>M</Sexo>
		<EstadoCivil>2</EstadoCivil>
		<NomeMae>Carolina Barbosa</NomeMae>
		<NomePai>Kaio Barros</NomePai>
		<Email>thiagobp@email.com.br</Email>
		<TelefoneFixo>8238251444</TelefoneFixo>
		<TelefoneCelular>82988117711</TelefoneCelular>
	</Servidor>
	<Servidor>
		<CPF>44810218023</CPF>
		<Nome>Jilmar Borges Cardoso</Nome>
		<NomeSocial>Jilmar Borges</NomeSocial>
		<RG>333294579</RG>
		<DataExpedicaoRG>2011-11-03</DataExpedicaoRG>
		<NumeroCTPS>9496420422</NumeroCTPS>
		<NumeroPISPasep>04550022107</NumeroPISPasep>
		<NumeroTituloEleitor>754345361902</NumeroTituloEleitor>
		<TituloEleitorZona>1043310805</TituloEleitorZona>
		<TituloEleitorSecao>2390329323</TituloEleitorSecao>
		<TituloEleitorUF>MS</TituloEleitorUF>
		<DataNascimento>1979-01-14</DataNascimento>
		<UFNascimento>MS</UFNascimento>
		<CidadeNascimento>Campo Grande</CidadeNascimento>
		<Escolaridade>4</Escolaridade>
		<Sexo>M</Sexo>
		<EstadoCivil>2</EstadoCivil>
		<NomeMae>Maria Fernanda Borges</NomeMae>
		<NomePai>Vitor Cardoso</NomePai>
		<Email>jilmarbc@email.com.br</Email>
		<TelefoneFixo>8238251444</TelefoneFixo>
		<TelefoneCelular>82988117711</TelefoneCelular>
	</Servidor>
	<Servidor>
		<CPF>84194665066</CPF>
		<Nome>Micaela Melo Miranda</Nome>
		<NomeSocial>Micaela Melo</NomeSocial>
		<RG>218986889</RG>
		<DataExpedicaoRG>2019-11-04</DataExpedicaoRG>
		<NumeroCTPS>9658446817</NumeroCTPS>
		<NumeroPISPasep>51324839442</NumeroPISPasep>
		<NumeroTituloEleitor>604024101902</NumeroTituloEleitor>
		<TituloEleitorZona>9997797999</TituloEleitorZona>
		<TituloEleitorSecao>9780769654</TituloEleitorSecao>
		<TituloEleitorUF>MS</TituloEleitorUF>
		<DataNascimento>1999-06-07</DataNascimento>
		<UFNascimento>MS</UFNascimento>
		<CidadeNascimento>Campo Grande</CidadeNascimento>
		<Escolaridade>3</Escolaridade>
		<Sexo>F</Sexo>
		<EstadoCivil>6</EstadoCivil>
		<NomeMae>Suzana Melo</NomeMae>
		<NomePai>Fernando Miranda</NomePai>
		<Email>micaelamm@email.com.br</Email>
		<TelefoneFixo>8238251444</TelefoneFixo>
		<TelefoneCelular>82988117711</TelefoneCelular>
	</Servidor>
	<Servidor>
		<CPF>67860437040</CPF>
		<Nome>Camila Loures Francisca</Nome>
		<NomeSocial>Camila Francisca</NomeSocial>
		<RG>315847931</RG>
		<DataExpedicaoRG>2012-01-23</DataExpedicaoRG>
		<NumeroCTPS>5512181217</NumeroCTPS>
		<NumeroPISPasep>77368249970</NumeroPISPasep>
		<NumeroTituloEleitor>166880451708</NumeroTituloEleitor>
		<TituloEleitorZona>909</TituloEleitorZona>
		<TituloEleitorSecao>97</TituloEleitorSecao>
		<TituloEleitorUF>AL</TituloEleitorUF>
		<DataNascimento>1979-01-07</DataNascimento>
		<UFNascimento>AL</UFNascimento>
		<CidadeNascimento>Maceio</CidadeNascimento>
		<Escolaridade>6</Escolaridade>
		<Sexo>F</Sexo>
		<EstadoCivil>2</EstadoCivil>
		<NomeMae>Maracelma Loures</NomeMae>
		<NomePai>João Francisco</NomePai>
		<Email>camila@email.com.br</Email>
		<TelefoneFixo>8238251444</TelefoneFixo>
		<TelefoneCelular>82988117711</TelefoneCelular>
	</Servidor>
	<Servidor>
		<CPF>81107413044</CPF>
		<Nome>Bruno Vaconcelos</Nome>
		<NomeSocial>Bruno Vasconcelos</NomeSocial>
		<RG>241613772</RG>
		<DataExpedicaoRG>2015-01-23</DataExpedicaoRG>
		<NumeroCTPS>9842346897</NumeroCTPS>
		<NumeroPISPasep>95810716220</NumeroPISPasep>
		<NumeroTituloEleitor>346204301759</NumeroTituloEleitor>
		<TituloEleitorZona>210</TituloEleitorZona>
		<TituloEleitorSecao>011</TituloEleitorSecao>
		<TituloEleitorUF>AL</TituloEleitorUF>
		<DataNascimento>1967-09-25</DataNascimento>
		<UFNascimento>AL</UFNascimento>
		<CidadeNascimento>Maceio</CidadeNascimento>
		<Escolaridade>5</Escolaridade>
		<Sexo>M</Sexo>
		<EstadoCivil>3</EstadoCivil>
		<NomeMae>Lurdes Vasconcelos</NomeMae>
		<NomePai>Junior Vasconcelos</NomePai>
		<Email>bruno@email.com.br</Email>
		<TelefoneFixo>8238251444</TelefoneFixo>
		<TelefoneCelular>82988117711</TelefoneCelular>
	</Servidor>
	<Servidor>
		<CPF>12549679075</CPF>
		<Nome>Bianca da Silva</Nome>
		<NomeSocial>Bianca da Silva</NomeSocial>
		<RG>476475697</RG>
		<DataExpedicaoRG>2011-09-21</DataExpedicaoRG>
		<NumeroCTPS>2014716621</NumeroCTPS>
		<NumeroPISPasep>61422899170</NumeroPISPasep>
		<NumeroTituloEleitor>823452530108</NumeroTituloEleitor>
		<TituloEleitorZona>321</TituloEleitorZona>
		<TituloEleitorSecao>043</TituloEleitorSecao>
		<TituloEleitorUF>SP</TituloEleitorUF>
		<DataNascimento>1970-10-21</DataNascimento>
		<UFNascimento>SP</UFNascimento>
		<CidadeNascimento>São Paulo</CidadeNascimento>
		<Escolaridade>4</Escolaridade>
		<Sexo>F</Sexo>
		<EstadoCivil>1</EstadoCivil>
		<NomeMae>Joana da Silva</NomeMae>
		<NomePai>Vladmir da Silva</NomePai>
		<Email>bianca@email.com.br</Email>
		<TelefoneFixo>8238251444</TelefoneFixo>
		<TelefoneCelular>82988117711</TelefoneCelular>
	</Servidor>
</SIAP>