<?xml version="1.0" ?>
<SIAP>
	<Codigo>60</Codigo>
	<Exercicio>2022</Exercicio>
	<Mes>01</Mes>
	<Setor>
		<Codigo>9391</Codigo>
		<CodigoOrgao>9985</CodigoOrgao>
		<Nome>Secretaria de Estado do Planejamento, Orçamento e Gestão</Nome>
		<Sigla>SEPLAG</Sigla>
		<DataCriacao>2008-01-31</DataCriacao>
		<DataAtoCriacao>2008-03-30</DataAtoCriacao>
		<AtoCriacao>29/2008</AtoCriacao>
		<VeiculoPublicacaoAtoCriacao>5</VeiculoPublicacaoAtoCriacao>
		<DataExtincao>2010-06-08</DataExtincao>
		<DataAtoExtincao>2010-07-08</DataAtoExtincao>
		<AtoExtincao>108/2010</AtoExtincao>
		<VeiculoPublicacaoAtoExtincao>2</VeiculoPublicacaoAtoExtincao>
		<CodigoSetorPai></CodigoSetorPai>
	</Setor>
</SIAP>
