<?xml version="1.0" ?>
<SIAP>
	<Codigo>60</Codigo>
	<Exercicio>2022</Exercicio>
	<Mes>01</Mes>
	<Vinculo>
		<CPF>12363278951</CPF>
		<Matricula>vxvcvzvsvdvevrvb</Matricula>
		<CodigoOrgao>9985</CodigoOrgao>
		<CodigoCarreira>287</CodigoCarreira>
		<CodigoCargo>145</CodigoCargo>
		<DataExercicio>2003-04-04</DataExercicio>
		<DataPosse>2003-04-01</DataPosse>
		<DataNomeacao>2003-03-01</DataNomeacao>
		<DataExoneracao></DataExoneracao>
		<TipoVinculo>8</TipoVinculo>
		<CodigoFG></CodigoFG>
		<DataInicioFG></DataInicioFG>
		<Ocupacao>654</Ocupacao>
		<Jornada>40</Jornada>
		<PercentualComissionado></PercentualComissionado>
		<SalarioCargoEfetivo></SalarioCargoEfetivo>
	</Vinculo>
</SIAP>
