<?xml version="1.0" ?>
<SIAP>
	<Codigo>60</Codigo>
	<Exercicio>2022</Exercicio>
	<Mes>01</Mes>
	<AdesaoRegistroDePrecos>
		<NumeroLicitacao>0681/2021</NumeroLicitacao>
		<Ano>2021</Ano>
		<Enquadramento>1</Enquadramento>
		<Modalidade>2</Modalidade>
		<FormaPregao>1</FormaPregao>
		<Esfera>M</Esfera>
		<Poder>E</Poder>
		<CodigoIBGE>2700300</CodigoIBGE>
		<NomeOrgaoGerenciador>FUNDO MUNICIPAL DE SAUDE</NomeOrgaoGerenciador>
		<CNPJOrgaoGereciador>56489246000123</CNPJOrgaoGereciador>
	</AdesaoRegistroDePrecos>
</SIAP>
