<?xml version="1.0" ?>
<SIAP>
	<Codigo>60</Codigo>
	<Exercicio>2022</Exercicio>
	<Mes>01</Mes>
	<AditivoContrato>
		<NumeroContrato>7892/2021</NumeroContrato>
		<NumeroAditivo>3204/2021</NumeroAditivo>
		<TipoAditivo>2</TipoAditivo>
		<Vigencia>2032-12-23</Vigencia>
		<JustificativaOutroTipoAditivo></JustificativaOutroTipoAditivo>
		<TipoAlteracaoValor></TipoAlteracaoValor>
		<AditivoReforma>2</AditivoReforma>
		<DataPublicacao>2022-01-06</DataPublicacao>
		<VeiculoPublicacao>5</VeiculoPublicacao>
	</AditivoContrato>
</SIAP>
