<?xml version="1.0" ?>
<SIAP>
	<Codigo>60</Codigo>
	<Exercicio>2022</Exercicio>
	<Mes>01</Mes>
	<AditivoConvenio>
		<TermoConvenio>901023/2020</TermoConvenio>
		<Ano>2020</Ano>
		<Tipo>3</Tipo>
		<TermoAditivo>003757</TermoAditivo>
		<Data>2020-06-16</Data>
		<DataFimVigencia>2020-12-16</DataFimVigencia>
		<DataPublicacao>2020-05-16</DataPublicacao>
		<AtoPublicacao>2020-05-01</AtoPublicacao>
		<VeiculoPublicacao>1</VeiculoPublicacao>
		<ValorGlobal>50867.45</ValorGlobal>
		<ValorRepasse>30000.45</ValorRepasse>
		<ValorContrapartida>20067.00</ValorContrapartida>
		<Objeto>tem por objetivo prorrogar o prazo de validade e valor do convênio 901023/2020</Objeto>
	</AditivoConvenio>
</SIAP>
