<?xml version="1.0" ?>
<SIAP>
	<Codigo>60</Codigo>
	<Exercicio>2022</Exercicio>
	<Mes>01</Mes>
	<AdjudicacaoLicitacao>
		<NumeroLicitacao>0890/2021</NumeroLicitacao>
		<DataAdjudicacao>2021-08-12</DataAdjudicacao>
		<DataHomologacao>2021-09-12</DataHomologacao>
		<DataPublicacaoResultado>2021-08-20</DataPublicacaoResultado>
		<VeiculoPublicacaoResultado>2</VeiculoPublicacaoResultado>
		<HomologacaoParcial>1</HomologacaoParcial>
		<DataAnulacao></DataAnulacao>
		<MotivoAnulacao></MotivoAnulacao>
		<DataPublicacaoAnulacao></DataPublicacaoAnulacao>
		<VeiculoPublicacaoAnulacao></VeiculoPublicacaoAnulacao>
		<DataRevogacao></DataRevogacao>
		<MotivoRevogacao></MotivoRevogacao>
		<DataPublicacaoRevogacao></DataPublicacaoRevogacao>		
		<DataVigencia></DataVigencia>
	</AdjudicacaoLicitacao>
	<AdjudicacaoLicitacao>
		<NumeroLicitacao>0679/2021</NumeroLicitacao>
		<DataAdjudicacao>2021-08-12</DataAdjudicacao>
		<DataHomologacao>2021-10-12</DataHomologacao>
		<DataPublicacaoResultado>2020-09-12</DataPublicacaoResultado>
		<VeiculoPublicacaoResultado>1</VeiculoPublicacaoResultado>
		<HomologacaoParcial>2</HomologacaoParcial>
		<DataAnulacao>2021-11-20</DataAnulacao>
		<MotivoAnulacao>Ilegalidade na habilitação do licitante</MotivoAnulacao>
		<DataPublicacaoAnulacao>2021-11-25</DataPublicacaoAnulacao>
		<VeiculoPublicacaoAnulacao>1</VeiculoPublicacaoAnulacao>
		<DataRevogacao></DataRevogacao>
		<MotivoRevogacao></MotivoRevogacao>
		<DataPublicacaoRevogacao></DataPublicacaoRevogacao>		
		<DataVigencia></DataVigencia>
	</AdjudicacaoLicitacao>
	<AdjudicacaoLicitacao>
		<NumeroLicitacao>0681/2021</NumeroLicitacao>
		<DataAdjudicacao>2021-08-13</DataAdjudicacao>
		<DataHomologacao>2021-10-13</DataHomologacao>
		<DataPublicacaoResultado>2020-09-13</DataPublicacaoResultado>
		<VeiculoPublicacaoResultado>5</VeiculoPublicacaoResultado>
		<HomologacaoParcial>2</HomologacaoParcial>
		<DataAnulacao></DataAnulacao>
		<MotivoAnulacao></MotivoAnulacao>
		<DataPublicacaoAnulacao></DataPublicacaoAnulacao>
		<VeiculoPublicacaoAnulacao></VeiculoPublicacaoAnulacao>
		<DataRevogacao>2021-10-25</DataRevogacao>
		<MotivoRevogacao>Cancelamento do projeto artistico</MotivoRevogacao>
		<DataPublicacaoRevogacao>2021-10-26</DataPublicacaoRevogacao>		
		<DataVigencia></DataVigencia>
	</AdjudicacaoLicitacao>
</SIAP>
