<?xml version="1.0" ?>
<SIAP>
	<Codigo>60</Codigo>
	<Exercicio>2022</Exercicio>
	<Mes>01</Mes>
	<AlteracaoAtaRegistroDePreco>
		<NumeroLicitacao>0681/2021</NumeroLicitacao>
		<TipoAditivo>1</TipoAditivo>
		<JustificativaOutroTipoAditivo></JustificativaOutroTipoAditivo>
		<FimVigencia>2024-07-01</FimVigencia>
		<TipoAlteracaoValor></TipoAlteracaoValor>
		<DataPublicacao>2021-08-10</DataPublicacao>
		<VeiculoPublicacaoRevogacao></VeiculoPublicacaoRevogacao>
		<LinkPublicacao>www.alteracaoataregistrodepreco.com</LinkPublicacao>
	</AlteracaoAtaRegistroDePreco>
</SIAP>
