<?xml version="1.0" ?>
<SIAP>
	<Codigo>60</Codigo>
	<Exercicio>2022</Exercicio>
	<Mes>01</Mes>
	<AtaRegistroDePreco>
		<NumeroLicitacao>0681/2021</NumeroLicitacao>
		<NumeroAta>899/2021</NumeroAta>
		<Valor>12000.00</Valor>
		<Descricao> Registro de preço para compra de uniformes e EPIS Camisetas longas e curtas coletes bones e jalecos </Descricao>
		<CodigoBeneficiario>63052300000134</CodigoBeneficiario>
		<NomeBeneficiario>Cia Uniformes</NomeBeneficiario>
		<InicioVigencia>2021-07-01</InicioVigencia>
		<FimVigencia>2023-07-01</FimVigencia>
		<DataPublicacaoAta>2021-06-29</DataPublicacaoAta>
		<VeiculoPublicacaoAta>2</VeiculoPublicacaoAta>
		<LinkPublicacao>www.uniformes.com</LinkPublicacao>
	</AtaRegistroDePreco>
</SIAP>
