<?xml version="1.0" ?>
<SIAP>
	<Codigo>60</Codigo>
	<Exercicio>2022</Exercicio>
	<Mes>01</Mes>
	<Contrato>
		<NumeroLicitacao>0684/2021</NumeroLicitacao>
		<NumeroContratacao></NumeroContratacao>
		<NumeroContrato>170/2021</NumeroContrato>
		<Valor>120000.00</Valor>
		<PagamentoAntecipado>2</PagamentoAntecipado>
		<BaseLegalPagamentoAntecipado></BaseLegalPagamentoAntecipado>
		<Descricao>Remoção de resíduos sólidos e quimicos da água do lago do amor</Descricao>
		<TipoJuridicoContratado>2</TipoJuridicoContratado>
		<CodigoContratado>19976609000129</CodigoContratado>
		<NomeContratado>Limpeza SA</NomeContratado>
		<InicioVigencia>2021-04-05</InicioVigencia>
		<FimVigencia>2021-07-05</FimVigencia>
		<Tipo>30</Tipo>
		<TipoProcessoContratacao>1</TipoProcessoContratacao>
		<ReferenciaLegalDispensa></ReferenciaLegalDispensa>
		<NaturezaObjeto>2</NaturezaObjeto>
		<NumeroAtaRegistroPreco></NumeroAtaRegistroPreco>
	</Contrato>
	<Contrato>
		<NumeroLicitacao></NumeroLicitacao>
		<NumeroContratacao>7892/2021</NumeroContratacao>
		<NumeroContrato>180/2021</NumeroContrato>
		<Valor>7800000.43</Valor>
		<PagamentoAntecipado>2</PagamentoAntecipado>
		<BaseLegalPagamentoAntecipado></BaseLegalPagamentoAntecipado>
		<Descricao>Gerenciamento e posse do parque flores azuis</Descricao>
		<TipoJuridicoContratado>2</TipoJuridicoContratado>
		<CodigoContratado>58655227000155</CodigoContratado>
		<NomeContratado>Parques bonitos</NomeContratado>
		<InicioVigencia>2021-12-23</InicioVigencia>
		<FimVigencia>2031-12-23</FimVigencia>
		<Tipo>6</Tipo>
		<TipoProcessoContratacao>2</TipoProcessoContratacao>
		<ReferenciaLegalDispensa>13</ReferenciaLegalDispensa>
		<NaturezaObjeto>4</NaturezaObjeto>
		<NumeroAtaRegistroPreco></NumeroAtaRegistroPreco>
	</Contrato>
	<Contrato>
		<NumeroLicitacao>0679/2021</NumeroLicitacao>
		<NumeroContratacao>7896/2021</NumeroContratacao>
		<NumeroContrato>182/2021</NumeroContrato>
		<Valor>100000.00</Valor>
		<PagamentoAntecipado>2</PagamentoAntecipado>
		<BaseLegalPagamentoAntecipado></BaseLegalPagamentoAntecipado>
		<Descricao>Construção de escola</Descricao>
		<TipoJuridicoContratado>2</TipoJuridicoContratado>
		<CodigoContratado>76991032000168</CodigoContratado>
		<NomeContratado>Obras CIA</NomeContratado>
		<InicioVigencia>2021-06-20</InicioVigencia>
		<FimVigencia>2021-12-20</FimVigencia>
		<Tipo>20</Tipo>
		<TipoProcessoContratacao>1</TipoProcessoContratacao>
		<ReferenciaLegalDispensa></ReferenciaLegalDispensa>
		<NaturezaObjeto>1</NaturezaObjeto>
		<NumeroAtaRegistroPreco></NumeroAtaRegistroPreco>
	</Contrato>
</SIAP>
