<?xml version="1.0" ?>
<SIAP>
	<Codigo>60</Codigo>
	<Exercicio>2022</Exercicio>
	<Mes>01</Mes>
	<ContratacaoDireta>
		<NumeroContratacao>7890/2021</NumeroContratacao>
		<CNPJ>29797411000131</CNPJ>
		<NumeroProcesso>678/2021</NumeroProcesso>
		<Enquadramento>1</Enquadramento>
		<ReferenciaLegal>5</ReferenciaLegal>
		<NaturezaObjeto>3</NaturezaObjeto>
		<Objeto>compra de água mineral</Objeto>
		<ValorPrevisto>500.76</ValorPrevisto>
		<CodigoPrograma>12376</CodigoPrograma>
		<OrcamentoProprio>2</OrcamentoProprio>
		<VeiculoPublicacao>3</VeiculoPublicacao>
		<DataPublicacao>2021-11-11</DataPublicacao>
		<DocumentoJuridico>Dispensar licitação fora das hipóteses previstas em lei</DocumentoJuridico>
	</ContratacaoDireta>
	<ContratacaoDireta>
		<NumeroContratacao>7891/2021</NumeroContratacao>
		<CNPJ>44658076000184</CNPJ>
		<NumeroProcesso>679/2021</NumeroProcesso>
		<Enquadramento>2</Enquadramento>
		<ReferenciaLegal>38</ReferenciaLegal>
		<NaturezaObjeto>5</NaturezaObjeto>
		<Objeto>Locação de impressora</Objeto>
		<ValorPrevisto>1800.43</ValorPrevisto>
		<CodigoPrograma>12378</CodigoPrograma>
		<OrcamentoProprio>2</OrcamentoProprio>
		<VeiculoPublicacao>5</VeiculoPublicacao>
		<DataPublicacao>2021-11-20</DataPublicacao>
		<DocumentoJuridico>Inegibilidade de licitação fora das hipóteses previstas em lei</DocumentoJuridico>
	</ContratacaoDireta>
	<ContratacaoDireta>
		<NumeroContratacao>7892/2021</NumeroContratacao>
		<CNPJ>58655227000155</CNPJ>
		<NumeroProcesso>680/2021</NumeroProcesso>
		<Enquadramento>1</Enquadramento>
		<ReferenciaLegal>1</ReferenciaLegal>
		<NaturezaObjeto>5</NaturezaObjeto>
		<Objeto>Posse do parque florestal flores azuis</Objeto>
		<ValorPrevisto>7800000.43</ValorPrevisto>
		<CodigoPrograma>12379</CodigoPrograma>
		<OrcamentoProprio>2</OrcamentoProprio>
		<VeiculoPublicacao>1</VeiculoPublicacao>
		<DataPublicacao>2021-12-01</DataPublicacao>
		<DocumentoJuridico>Dispensar licitação fora das hipóteses previstas em lei</DocumentoJuridico>
	</ContratacaoDireta>
</SIAP>
