<?xml version="1.0" ?>
<SIAP>
	<Codigo>60</Codigo>
	<Exercicio>2022</Exercicio>
	<Mes>01</Mes>
	<Convenio>
		<TermoConvenio>1234/5</TermoConvenio>
		<Ano>2022</Ano>
		<Modalidade>2</Modalidade>
		<DataCelebracao>2022-01-12</DataCelebracao>
		<DataInicioVigencia>2022-02-21</DataInicioVigencia>
		<DataFimVigencia>2024-02-12</DataFimVigencia>
		<DataAssinatura>2022-01-07</DataAssinatura>
		<DataPublicacao>2022-01-09</DataPublicacao>
		<AtoPublicacao>2022-04-04</AtoPublicacao>
		<VeiculoPublicacao>2</VeiculoPublicacao>
		<CNPJConcedente>05541775000198</CNPJConcedente>
		<NomeConvenente>Unisaude</NomeConvenente>
		<CNPJConvenente>04966800000112</CNPJConvenente>
		<Objeto>Exames medicos/ consultas medicas/ consultas odontologicas</Objeto>
		<ValorGlobal>110000.07</ValorGlobal>
		<ValorRepasse>60000.87</ValorRepasse>
		<ValorContrapartida>50000.83</ValorContrapartida>
	</Convenio>
</SIAP>
