<?xml version="1.0" ?>
<SIAP>
	<Codigo>60</Codigo>
	<Exercicio>2022</Exercicio>
	<Mes>01</Mes>
	<CronogramaDesembolso>
		<NumeroContrato>7892/2021</NumeroContrato>
		<NumeroEtapa>13</NumeroEtapa>
		<NumeroParcela>15</NumeroParcela>
		<MesDesembolso>05</MesDesembolso>
		<AnoDesembolso>2025</AnoDesembolso>
		<Responsavel>2</Responsavel>
		<Valor>50000.22</Valor>
	</CronogramaDesembolso>
	<CronogramaDesembolso>
		<NumeroContrato>182/2021</NumeroContrato>
		<NumeroEtapa>16</NumeroEtapa>
		<NumeroParcela>11</NumeroParcela>
		<MesDesembolso>09</MesDesembolso>
		<AnoDesembolso>2021</AnoDesembolso>
		<Responsavel>3</Responsavel>
		<Valor>78000.22</Valor>
	</CronogramaDesembolso>
</SIAP>
