<?xml version="1.0" ?>
<SIAP>
	<Codigo>60</Codigo>
	<Exercicio>2022</Exercicio>
	<Mes>01</Mes>
	<EtapaCronogramaFisico>
		<NumeroContrato>7892/2021</NumeroContrato>
		<NumeroMeta>51</NumeroMeta>
		<NumeroEtapa>21</NumeroEtapa>
		<Descricao>Plantio de mudas de árvores endemicas</Descricao>
		<DataInicio>2021-12-23</DataInicio>
		<DataFim>2022-03-23</DataFim>
		<QtdEtapa>22</QtdEtapa>
		<UndFornecimento>Setor Gerenciador de Parques</UndFornecimento>
		<Valor>30000.36</Valor>
	</EtapaCronogramaFisico>
</SIAP>
