<?xml version="1.0" ?>
<SIAP>
	<Codigo>60</Codigo>
	<Exercicio>2022</Exercicio>
	<Mes>01</Mes>
	<GrupoLicitacaoItem>
		<NumeroLicitacao>0681/2021</NumeroLicitacao>
		<NumeroLote>460</NumeroLote>
		<NumeroItem>270</NumeroItem>
		<Descricao>Item 1 camiseta manga longa material algodao Item 2 jaleco manga longa material poliester</Descricao>
		<UnidadeMedida>Unidade</UnidadeMedida>
		<QuantidadeEstimada>5410</QuantidadeEstimada>
		<ValorUnitarioEstimado>180.00</ValorUnitarioEstimado>
	</GrupoLicitacaoItem>
</SIAP>
