<?xml version="1.0" ?>
<SIAP>
	<Codigo>60</Codigo>
	<Exercicio>2022</Exercicio>
	<Mes>01</Mes>
	<GrupoLicitacao>
		<NumeroLicitacao>0682/2021</NumeroLicitacao>
		<NumeroLote>3370</NumeroLote>
		<Descricao>Lote 1 recapeamento Lote 2 pavimentação</Descricao>
	</GrupoLicitacao>
<GrupoLicitacao>
		<NumeroLicitacao>0683/2021</NumeroLicitacao>
		<NumeroLote>3371</NumeroLote>
		<Descricao>Lote 1 nivelamento do solo Lote 2 fundação Lote 3 vigas Lote 4 Alvenaria Lote 5 Acabamento</Descricao>
	</GrupoLicitacao>
</SIAP>
