<?xml version="1.0" ?>
<SIAP>
	<Codigo>60</Codigo>
	<Exercicio>2022</Exercicio>
	<Mes>01</Mes>
	<ItemAditivo>
		<NumeroContrato>7892/2021</NumeroContrato>
		<NumeroAditivo>3204/2021</NumeroAditivo>
		<CodigoLote></CodigoLote>
		<NumeroItem>049</NumeroItem>
		<Descricao>Aditivo de tempo de gerenciamento do parque flores azuis</Descricao>
		<UnidadeMedida>anos</UnidadeMedida>
		<QuantidadeInicial>10</QuantidadeInicial>
		<ValorUnitarioInicial>10.00</ValorUnitarioInicial>
		<QuantidadeNova>11</QuantidadeNova>
		<ValorUnitarioNovo>1.00</ValorUnitarioNovo>
	</ItemAditivo>
</SIAP>
