<?xml version="1.0" ?>
<SIAP>
	<Codigo>60</Codigo>
	<Exercicio>2022</Exercicio>
	<Mes>01</Mes>
	<ItemLicitacao>
		<NumeroLicitacao>0890/2021</NumeroLicitacao>
		<NumeroContratacao></NumeroContratacao>
		<NumeroItem>041</NumeroItem>
		<Descricao>Veículos de modelo e ano diversos</Descricao>
		<UnidadeMedida>Unidade</UnidadeMedida>
		<Quantidade>100</Quantidade>
		<ValorUnitarioEstimado>1800000.00</ValorUnitarioEstimado>
	</ItemLicitacao>
	<ItemLicitacao>
		<NumeroLicitacao>0679/2021</NumeroLicitacao>
		<NumeroContratacao></NumeroContratacao>
		<NumeroItem>042</NumeroItem>
		<Descricao>Item 1 tijolo Item 2 cimento Item 3 escavadeira Item 4 Tinta</Descricao>
		<UnidadeMedida>Unidade</UnidadeMedida>
		<Quantidade>10000</Quantidade>
		<ValorUnitarioEstimado>200000.00</ValorUnitarioEstimado>
	</ItemLicitacao>
	<ItemLicitacao>
		<NumeroLicitacao>0680/2021</NumeroLicitacao>
		<NumeroContratacao></NumeroContratacao>
		<NumeroItem>043</NumeroItem>
		<Descricao>Artista</Descricao>
		<UnidadeMedida>Unidade</UnidadeMedida>
		<Quantidade>3</Quantidade>
		<ValorUnitarioEstimado>6666.67</ValorUnitarioEstimado>
	</ItemLicitacao>	
	<ItemLicitacao>
		<NumeroLicitacao></NumeroLicitacao>
		<NumeroContratacao>7890/2021</NumeroContratacao>
		<NumeroItem>046</NumeroItem>
		<Descricao>Agua mineral</Descricao>
		<UnidadeMedida>Litros</UnidadeMedida>
		<Quantidade>50</Quantidade>
		<ValorUnitarioEstimado>10.00</ValorUnitarioEstimado>
	</ItemLicitacao>
	<ItemLicitacao>
		<NumeroLicitacao></NumeroLicitacao>
		<NumeroContratacao>7891/2021</NumeroContratacao>
		<NumeroItem>047</NumeroItem>
		<Descricao>Impressora digital</Descricao>
		<UnidadeMedida>Unidade</UnidadeMedida>
		<Quantidade>50</Quantidade>
		<ValorUnitarioEstimado>450.00</ValorUnitarioEstimado>
	</ItemLicitacao>
	<ItemLicitacao>
		<NumeroLicitacao>0684/2021</NumeroLicitacao>
		<NumeroContratacao></NumeroContratacao>
		<NumeroItem>048</NumeroItem>
		<Descricao>Serviço de limpeza de água</Descricao>
		<UnidadeMedida>Horas</UnidadeMedida>
		<Quantidade>2000</Quantidade>
		<ValorUnitarioEstimado>60.00</ValorUnitarioEstimado>
	</ItemLicitacao>
	<ItemLicitacao>
		<NumeroLicitacao></NumeroLicitacao>
		<NumeroContratacao>7892/2021</NumeroContratacao>
		<NumeroItem>049</NumeroItem>
		<Descricao>Gerenciamento do parque flores azuis</Descricao>
		<UnidadeMedida>unidade</UnidadeMedida>
		<Quantidade>1</Quantidade>
		<ValorUnitarioEstimado>7800000.43</ValorUnitarioEstimado>
	</ItemLicitacao>

</SIAP>
