<?xml version="1.0" ?>
<SIAP>
	<Codigo>60</Codigo>
	<Exercicio>2022</Exercicio>
	<Mes>01</Mes>
	<ItemAdjudicado>
		<NumeroLicitacao>0681/2021</NumeroLicitacao>
		<NumeroContratacao></NumeroContratacao>
		<CodigoItem>092</CodigoItem>
		<Adjudicado>1</Adjudicado>
		<VencedorItem>85480233000191</VencedorItem>
	</ItemAdjudicado>
	<ItemAdjudicado>
		<NumeroLicitacao></NumeroLicitacao>
		<NumeroContratacao>7891/2021</NumeroContratacao>
		<CodigoItem>047</CodigoItem>
		<Adjudicado>1</Adjudicado>
		<VencedorItem>44658076000184</VencedorItem>
	</ItemAdjudicado>
</SIAP>
