<?xml version="1.0" ?>
<SIAP>
	<Codigo>60</Codigo>
	<Exercicio>2022</Exercicio>
	<Mes>01</Mes>
	<Licitacao>
		<NumeroLicitacao>0890/2021</NumeroLicitacao>
		<CNPJ>31392032000103</CNPJ>
		<NumeroProcesso>7890/2021</NumeroProcesso>
		<Modalidade>8</Modalidade>
		<CriterioTipoJulgamento>6</CriterioTipoJulgamento>
		<NaturezaObjeto>8</NaturezaObjeto>
		<Agrupamento>1</Agrupamento>
		<JustificativaGrupoLote></JustificativaGrupoLote>
		<RegistroPreco>2</RegistroPreco>
		<PossuiParticipantes>2</PossuiParticipantes>
		<Objeto>Leilão de veículos apreendidos</Objeto>
		<RegimeExecucacaoObra></RegimeExecucacaoObra>
		<NaturezaObra></NaturezaObra>
		<ValorPrevisto>150000.60</ValorPrevisto>
		<ValorMaximo>1430000.00</ValorMaximo>
		<Garantia>2</Garantia>
		<PercentualValorGarantia></PercentualValorGarantia>
		<TipoGarantia></TipoGarantia>
		<InicioVigenciaGarantia>2021-01-01</InicioVigenciaGarantia>
		<FimVigenciaGarantia>2021-12-31</FimVigenciaGarantia>
		<CodigoPrograma></CodigoPrograma>
		<OrcamentoProprio>1</OrcamentoProprio>
		<VeiculoPublicacaoEdital>2</VeiculoPublicacaoEdital>
		<DataPublicacaoEdital>2020-05-15</DataPublicacaoEdital>
	</Licitacao>
	<Licitacao>
		<NumeroLicitacao>0679/2021</NumeroLicitacao>
		<CNPJ>76991032000168</CNPJ>
		<NumeroProcesso>5432/2021</NumeroProcesso>
		<Modalidade>1</Modalidade>
		<CriterioTipoJulgamento>1</CriterioTipoJulgamento>
		<NaturezaObjeto>2</NaturezaObjeto>
		<Agrupamento>1</Agrupamento>
		<JustificativaGrupoLote></JustificativaGrupoLote>
		<RegistroPreco>2</RegistroPreco>
		<PossuiParticipantes>2</PossuiParticipantes>
		<Objeto>Construção de escola</Objeto>
		<RegimeExecucacaoObra>2</RegimeExecucacaoObra>
		<NaturezaObra>2</NaturezaObra>
		<ValorPrevisto>100000.00</ValorPrevisto>
		<ValorMaximo>150000.00</ValorMaximo>
		<Garantia>2</Garantia>
		<PercentualValorGarantia></PercentualValorGarantia>
		<TipoGarantia></TipoGarantia>
		<InicioVigenciaGarantia>2021-01-01</InicioVigenciaGarantia>
		<FimVigenciaGarantia>2021-12-31</FimVigenciaGarantia>
		<CodigoPrograma>673</CodigoPrograma>
		<OrcamentoProprio>2</OrcamentoProprio>
		<VeiculoPublicacaoEdital>1</VeiculoPublicacaoEdital>
		<DataPublicacaoEdital>2021-06-15</DataPublicacaoEdital>
	</Licitacao>
	<Licitacao>
		<NumeroLicitacao>0680/2021</NumeroLicitacao>
		<CNPJ>24682873000190</CNPJ>
		<NumeroProcesso>5433/2021</NumeroProcesso>
		<Modalidade>2</Modalidade>
		<CriterioTipoJulgamento>8</CriterioTipoJulgamento>
		<NaturezaObjeto>4</NaturezaObjeto>
		<Agrupamento>1</Agrupamento>
		<JustificativaGrupoLote></JustificativaGrupoLote>
		<RegistroPreco>2</RegistroPreco>
		<PossuiParticipantes>2</PossuiParticipantes>
		<Objeto>Contratação de artistas para pintura de mural artistico no monumento da cidade</Objeto>
		<RegimeExecucacaoObra></RegimeExecucacaoObra>
		<NaturezaObra></NaturezaObra>
		<ValorPrevisto>20000.00</ValorPrevisto>
		<ValorMaximo>25000.00</ValorMaximo>
		<Garantia>1</Garantia>
		<PercentualValorGarantia>2.00</PercentualValorGarantia>
		<TipoGarantia>1</TipoGarantia>
		<InicioVigenciaGarantia>2021-01-01</InicioVigenciaGarantia>
		<FimVigenciaGarantia>2021-12-31</FimVigenciaGarantia>
		<CodigoPrograma></CodigoPrograma>
		<OrcamentoProprio>2</OrcamentoProprio>
		<VeiculoPublicacaoEdital>5</VeiculoPublicacaoEdital>
		<DataPublicacaoEdital>2021-06-15</DataPublicacaoEdital>
	</Licitacao>
	<Licitacao>
		<NumeroLicitacao>0681/2021</NumeroLicitacao>
		<CNPJ>05824892000169</CNPJ>
		<NumeroProcesso>5434/2021</NumeroProcesso>
		<Modalidade>6</Modalidade>
		<CriterioTipoJulgamento>1</CriterioTipoJulgamento>
		<NaturezaObjeto>3</NaturezaObjeto>
		<Agrupamento>2</Agrupamento>
		<JustificativaGrupoLote>Artigo 23 1º da Lei 8666/93</JustificativaGrupoLote>
		<RegistroPreco>1</RegistroPreco>
		<PossuiParticipantes>2</PossuiParticipantes>
		<Objeto>Compra de uniformes</Objeto>
		<RegimeExecucacaoObra></RegimeExecucacaoObra>
		<NaturezaObra></NaturezaObra>
		<ValorPrevisto>9000.00</ValorPrevisto>
		<ValorMaximo>12000.00</ValorMaximo>
		<Garantia>2</Garantia>
		<PercentualValorGarantia></PercentualValorGarantia>
		<TipoGarantia></TipoGarantia>
		<InicioVigenciaGarantia>2021-01-01</InicioVigenciaGarantia>
		<FimVigenciaGarantia>2021-12-31</FimVigenciaGarantia>
		<CodigoPrograma></CodigoPrograma>
		<OrcamentoProprio>2</OrcamentoProprio>
		<VeiculoPublicacaoEdital>5</VeiculoPublicacaoEdital>
		<DataPublicacaoEdital>2021-06-17</DataPublicacaoEdital>
	</Licitacao>
	<Licitacao>
		<NumeroLicitacao>0682/2021</NumeroLicitacao>
		<CNPJ>38379166000133</CNPJ>
		<NumeroProcesso>5435/2021</NumeroProcesso>
		<Modalidade>6</Modalidade>
		<CriterioTipoJulgamento>1</CriterioTipoJulgamento>
		<NaturezaObjeto>2</NaturezaObjeto>
		<Agrupamento>2</Agrupamento>
		<JustificativaGrupoLote>Artigo 23 1º da Lei 8666/93 </JustificativaGrupoLote>
		<RegistroPreco>2</RegistroPreco>
		<PossuiParticipantes>2</PossuiParticipantes>
		<Objeto>Obras de engenharia</Objeto>
		<RegimeExecucacaoObra>2</RegimeExecucacaoObra>
		<NaturezaObra>2</NaturezaObra>
		<ValorPrevisto>900000.00</ValorPrevisto>
		<ValorMaximo>1200000.00</ValorMaximo>
		<Garantia>2</Garantia>
		<PercentualValorGarantia></PercentualValorGarantia>
		<TipoGarantia></TipoGarantia>
		<InicioVigenciaGarantia>2021-01-01</InicioVigenciaGarantia>
		<FimVigenciaGarantia>2021-12-31</FimVigenciaGarantia>
		<CodigoPrograma>345</CodigoPrograma>
		<OrcamentoProprio>2</OrcamentoProprio>
		<VeiculoPublicacaoEdital>5</VeiculoPublicacaoEdital>
		<DataPublicacaoEdital>2021-03-12</DataPublicacaoEdital>
	</Licitacao>
	<Licitacao>
		<NumeroLicitacao>0683/2021</NumeroLicitacao>
		<CNPJ>84354718000176</CNPJ>
		<NumeroProcesso>5436/2021</NumeroProcesso>
		<Modalidade>4</Modalidade>
		<CriterioTipoJulgamento>5</CriterioTipoJulgamento>
		<NaturezaObjeto>2</NaturezaObjeto>
		<Agrupamento>2</Agrupamento>
		<JustificativaGrupoLote>Artigo 23 1º da Lei 8666/93 </JustificativaGrupoLote>
		<RegistroPreco>2</RegistroPreco>
		<PossuiParticipantes>2</PossuiParticipantes>
		<Objeto>Obras de engenharia de ampliação da ala psiquiatrica do hospital maria joao</Objeto>
		<RegimeExecucacaoObra>2</RegimeExecucacaoObra>
		<NaturezaObra>3</NaturezaObra>
		<ValorPrevisto>8000000.00</ValorPrevisto>
		<ValorMaximo>15000000.00</ValorMaximo>
		<Garantia>2</Garantia>
		<PercentualValorGarantia></PercentualValorGarantia>
		<TipoGarantia></TipoGarantia>
		<InicioVigenciaGarantia>2021-01-01</InicioVigenciaGarantia>
		<FimVigenciaGarantia>2021-12-31</FimVigenciaGarantia>
		<CodigoPrograma>346</CodigoPrograma>
		<OrcamentoProprio>2</OrcamentoProprio>
		<VeiculoPublicacaoEdital>5</VeiculoPublicacaoEdital>
		<DataPublicacaoEdital>2021-03-21</DataPublicacaoEdital>
	</Licitacao>
	<Licitacao>
		<NumeroLicitacao>0683/2021</NumeroLicitacao>
		<CNPJ>84354718000176</CNPJ>
		<NumeroProcesso>5436/2021</NumeroProcesso>
		<Modalidade>4</Modalidade>
		<CriterioTipoJulgamento>5</CriterioTipoJulgamento>
		<NaturezaObjeto>2</NaturezaObjeto>
		<Agrupamento>2</Agrupamento>
		<JustificativaGrupoLote>Artigo 23 1º da Lei 8666/93 </JustificativaGrupoLote>
		<RegistroPreco>2</RegistroPreco>
		<PossuiParticipantes>2</PossuiParticipantes>
		<Objeto>Obras de engenharia de ampliação da ala psiquiatrica do hospital maria joao</Objeto>
		<RegimeExecucacaoObra>2</RegimeExecucacaoObra>
		<NaturezaObra>3</NaturezaObra>
		<ValorPrevisto>8000000.00</ValorPrevisto>
		<ValorMaximo>15000000.00</ValorMaximo>
		<Garantia>2</Garantia>
		<PercentualValorGarantia></PercentualValorGarantia>
		<TipoGarantia></TipoGarantia>
		<InicioVigenciaGarantia>2021-01-01</InicioVigenciaGarantia>
		<FimVigenciaGarantia>2021-12-31</FimVigenciaGarantia>
		<CodigoPrograma>346</CodigoPrograma>
		<OrcamentoProprio>2</OrcamentoProprio>
		<VeiculoPublicacaoEdital>5</VeiculoPublicacaoEdital>
		<DataPublicacaoEdital>2021-03-21</DataPublicacaoEdital>
	</Licitacao>
	<Licitacao>
		<NumeroLicitacao>0684/2021</NumeroLicitacao>
		<CNPJ>19976609000129</CNPJ>
		<NumeroProcesso>5437/2021</NumeroProcesso>
		<Modalidade>4</Modalidade>
		<CriterioTipoJulgamento>5</CriterioTipoJulgamento>
		<NaturezaObjeto>2</NaturezaObjeto>
		<Agrupamento>1</Agrupamento>
		<JustificativaGrupoLote></JustificativaGrupoLote>
		<RegistroPreco>2</RegistroPreco>
		<PossuiParticipantes>2</PossuiParticipantes>
		<Objeto>Contratação serviços de limpeza do lago do amor</Objeto>
		<RegimeExecucacaoObra>2</RegimeExecucacaoObra>
		<NaturezaObra>3</NaturezaObra>
		<ValorPrevisto>120000.00</ValorPrevisto>
		<ValorMaximo>650000.00</ValorMaximo>
		<Garantia>2</Garantia>
		<PercentualValorGarantia></PercentualValorGarantia>
		<TipoGarantia></TipoGarantia>
		<InicioVigenciaGarantia>2021-01-01</InicioVigenciaGarantia>
		<FimVigenciaGarantia>2021-12-31</FimVigenciaGarantia>
		<CodigoPrograma>348</CodigoPrograma>
		<OrcamentoProprio>2</OrcamentoProprio>
		<VeiculoPublicacaoEdital>1</VeiculoPublicacaoEdital>
		<DataPublicacaoEdital>2021-04-23</DataPublicacaoEdital>
	</Licitacao>
</SIAP>
