<?xml version="1.0" ?>
<SIAP>
	<Codigo>60</Codigo>
	<Exercicio>2022</Exercicio>
	<Mes>01</Mes>
	<MetasExecucaoContrato>
		<NumeroContrato>7892/2021</NumeroContrato>
		<NumeroMeta>51</NumeroMeta>
		<CodigoPrograma>234/2021</CodigoPrograma>
		<NomePrograma>673</NomePrograma>
		<Descricao>Gerenciamento do parque Flores Azuis/ plantação de novas mudas de especies endemicas e exoticas/ manutenção do parque</Descricao>
		<DataInicio>2021-12-23</DataInicio>
		<DataFim>2032-12-23</DataFim>
		<QtdMeta>390</QtdMeta>
		<UndFornecimento>151/2021</UndFornecimento>
		<Valor>7800000.43</Valor>
	</MetasExecucaoContrato>
</SIAP>
