<?xml version="1.0" ?>
<SIAP>
	<Codigo>60</Codigo>
	<Exercicio>2022</Exercicio>
	<Mes>01</Mes>
	<ProponenteLicitacaoItem>
		<NumeroLicitacao>0890/2021</NumeroLicitacao>
		<NumeroContratacao></NumeroContratacao>
		<CodigoItem>041</CodigoItem>
		<CodigoParticipante>31392032000103</CodigoParticipante>
		<MarcaDoItem>Fiat</MarcaDoItem>
		<CodigoBarras>84520444333340634244478771905979</CodigoBarras>
		<DataHomologacao></DataHomologacao>
		<Quantidade>100</Quantidade>
		<ValorUnitario>1800000.00</ValorUnitario>
	</ProponenteLicitacaoItem>
	<ProponenteLicitacaoItem>
		<NumeroLicitacao></NumeroLicitacao>
		<NumeroContratacao>7890/2021</NumeroContratacao>
		<CodigoItem>046</CodigoItem>
		<CodigoParticipante>29797411000131</CodigoParticipante>
		<MarcaDoItem>Crystal</MarcaDoItem>
		<CodigoBarras>84520444333340634244478771905979</CodigoBarras>
		<DataHomologacao></DataHomologacao>
		<Quantidade>50</Quantidade>
		<ValorUnitario>10.00</ValorUnitario>
	</ProponenteLicitacaoItem>
</SIAP>
