<?xml version="1.0" ?>
<SIAP>
	<Codigo>60</Codigo>
	<Exercicio>2022</Exercicio>
	<Mes>01</Mes>
	<DemonstrativoSimplificadoBalancoOrcamentario>
		<PrevisaoInicialReceita>725333858028.91</PrevisaoInicialReceita>
		<PrevisaoAtualizadaReceita>909359309148.22</PrevisaoAtualizadaReceita>
		<ReceitaRealizada>538586293346.59</ReceitaRealizada>
		<DeficitOrcamentario>309327885131.23</DeficitOrcamentario>
		<SaldoExerciciosAnteriores>529444392445.23</SaldoExerciciosAnteriores>
		<DotacaoInicial>707151845446.55</DotacaoInicial>
		<DotacaoAtualizada>385374377071.75</DotacaoAtualizada>
		<DespesasEmpenhadas>893616031689.98</DespesasEmpenhadas>
		<DespesasLiquidadas>593032229320.65</DespesasLiquidadas>
		<DespesasPagas>244149166206.46</DespesasPagas>
		<SuperavitOrcamentario>111701600040.26</SuperavitOrcamentario>
	</DemonstrativoSimplificadoBalancoOrcamentario>
</SIAP>
