<?xml version="1.0" ?>
<SIAP>
	<Codigo>60</Codigo>
	<Exercicio>2022</Exercicio>
	<Mes>01</Mes>
	<DespesasBalancoOrcamentario>
		<ContaContabil>788397560</ContaContabil>
		<DataUltimoMovimento>2006-10-20</DataUltimoMovimento>
		<DotacaoInicial>378136232801.03</DotacaoInicial>
		<DotacaoAtualizada>206988716697.04</DotacaoAtualizada>
		<DespesaEmpenhadaNoBimestre>588307253428.02</DespesaEmpenhadaNoBimestre>
		<DespesaEmpenhadaAteBimestre>544979190644.06</DespesaEmpenhadaAteBimestre>
		<SaldoDespesaEmpenhada>491619093733.35</SaldoDespesaEmpenhada>
		<DespesaLiquidadaNoBimestre>356543938315.14</DespesaLiquidadaNoBimestre>
		<DespesaLiquidadaAteBimestre>295335900482.77</DespesaLiquidadaAteBimestre>
		<SaldoDespesaLiquidada>615334080734.33</SaldoDespesaLiquidada>
		<RestosAPagarNaoProcessados>651461263611.82</RestosAPagarNaoProcessados>
		<IntraOrcamentaria>2</IntraOrcamentaria>
	</DespesasBalancoOrcamentario>
</SIAP>
