<?xml version="1.0" ?>
<SIAP>
	<Codigo>60</Codigo>
	<Exercicio>2022</Exercicio>
	<Mes>01</Mes>
	<DespesasPrimarias>
		<ContaContabil>340095246</ContaContabil>
		<DataUltimoMovimento>2005-11-27</DataUltimoMovimento>
		<DotacaoAtualizada>459432664302.55</DotacaoAtualizada>
		<DespesaEmpenhada>187684343627.15</DespesaEmpenhada>
		<DespesaLiquidada>237030894663.94</DespesaLiquidada>
		<DespesaPaga>432212875152.96</DespesaPaga>
		<RestosAPagarProcessadosPagos>796837920152.21</RestosAPagarProcessadosPagos>
		<RestosAPagarNaoProcessadosLiquidados>118339112588.81</RestosAPagarNaoProcessadosLiquidados>
		<RestosAPagarNaoProcessadosPagos>659577890360.96</RestosAPagarNaoProcessadosPagos>
	</DespesasPrimarias>
</SIAP>
