<?xml version="1.0" ?>
<SIAP>
	<Codigo>60</Codigo>
	<Exercicio>2022</Exercicio>
	<Mes>01</Mes>
	<DespesasPrevidenciarias>
		<ContaContabil>516573004</ContaContabil>
		<DataUltimoMovimento>1998-04-06</DataUltimoMovimento>
		<DotacaoAtualizada>553161032377.31</DotacaoAtualizada>
		<DespesaEmpenhadaAteBimestre>585610713112.54</DespesaEmpenhadaAteBimestre>
		<DespesaLiquidadaAteBimestre>131532247104.21</DespesaLiquidadaAteBimestre>
		<DespesaPagaAteBimestre>628146829721.53</DespesaPagaAteBimestre>
		<RestosAPagarNaoProcessados>832425342477.54</RestosAPagarNaoProcessados>
		<TipoPlano>1</TipoPlano>
	</DespesasPrevidenciarias>
</SIAP>
