<?xml version="1.0" ?>
<SIAP>
	<Codigo>60</Codigo>
	<Exercicio>2022</Exercicio>
	<Mes>01</Mes>
	<DespesaPorFuncao>
		<FuncaoSubfuncao>48558</FuncaoSubfuncao>
		<DataUltimoMovimento>2006-04-04</DataUltimoMovimento>
		<DotacaoInicial>715322703789.09</DotacaoInicial>
		<DotacaoAtualizada>138021689841.08</DotacaoAtualizada>
		<DespesaEmpenhadaNoBimestre>222300062927.24</DespesaEmpenhadaNoBimestre>
		<DespesaEmpenhadaAteBimestre>227668109741.17</DespesaEmpenhadaAteBimestre>
		<PercentualDespesaEmpenhadaAteBimestre>83.11</PercentualDespesaEmpenhadaAteBimestre>
		<SaldoDespesaEmpenhada>198329971356.86</SaldoDespesaEmpenhada>
		<DespesaLiquidadaNoBimestre>827972868835.16</DespesaLiquidadaNoBimestre>
		<DespesaLiquidadaAteBimestre>263357236758.77</DespesaLiquidadaAteBimestre>
		<PercentualDespesaLiquidadaAteBimestre>4.18</PercentualDespesaLiquidadaAteBimestre>
		<SaldoDespesaLiquidada>143375631595.09</SaldoDespesaLiquidada>
		<RestosAPagarNaoProcessados>529471893060.88</RestosAPagarNaoProcessados>
		<IntraOrcamentaria>2</IntraOrcamentaria>
	</DespesaPorFuncao>
</SIAP>
