<?xml version="1.0" ?>
<SIAP>
	<Codigo>60</Codigo>
	<Exercicio>2022</Exercicio>
	<Mes>01</Mes>
	<DespesasParceriaPublicoPrivada>
		<ContaContabil>219302894</ContaContabil>
		<DespesaExercicioAnterior>806632007490.10</DespesaExercicioAnterior>
		<DespesasExercicioCorrente>843934624926.67</DespesasExercicioCorrente>
		<DespesasExercicioCorrente1>431910794599.18</DespesasExercicioCorrente1>
		<DespesasExercicioCorrente2>754855688819.38</DespesasExercicioCorrente2>
		<DespesasExercicioCorrente3>128696833047.48</DespesasExercicioCorrente3>
		<DespesasExercicioCorrente4>591419120864.67</DespesasExercicioCorrente4>
		<DespesasExercicioCorrente5>33926463690.17</DespesasExercicioCorrente5>
		<DespesasExercicioCorrente6>226687591977.72</DespesasExercicioCorrente6>
		<DespesasExercicioCorrente7>179631370663.27</DespesasExercicioCorrente7>
		<DespesasExercicioCorrente8>179465968472.67</DespesasExercicioCorrente8>
		<DespesasExercicioCorrente9>101288659161.87</DespesasExercicioCorrente9>
		<EstataisNaoDependentes>1</EstataisNaoDependentes>
		<Situacao>2</Situacao>
	</DespesasParceriaPublicoPrivada>
</SIAP>
