<?xml version="1.0" ?>
<SIAP>
	<Codigo>60</Codigo>
	<Exercicio>2022</Exercicio>
	<Mes>01</Mes>
	<DespesasComEnsino>
		<ValorApuradoReceitasNaManutencao>124359295305.20</ValorApuradoReceitasNaManutencao>
		<PercentualAplicadoReceitasNaManutencao>94.54</PercentualAplicadoReceitasNaManutencao>
		<ValorApuradoFUNDEBNaRemuneracao>872476240227.03</ValorApuradoFUNDEBNaRemuneracao>
		<PercentualAplicadoFUNDEBNaRemuneracao>38.00</PercentualAplicadoFUNDEBNaRemuneracao>
		<ValorApuradoVAATEducacaoInfantil>338462111203.49</ValorApuradoVAATEducacaoInfantil>
		<PercentualVAATEducacaoInfantil>59.60</PercentualVAATEducacaoInfantil>
		<ValorApuradoVAATDespesasDeCapital>849388265187.61</ValorApuradoVAATDespesasDeCapital>
		<PercentualVAATDespesasDeCapital>75.62</PercentualVAATDespesasDeCapital>
	</DespesasComEnsino>
</SIAP>
