<?xml version="1.0" ?>
<SIAP>
	<Codigo>60</Codigo>
	<Exercicio>2022</Exercicio>
	<Mes>01</Mes>
	<ReceitasBalancoOrcamentario>
		<ContaContabil>179208157</ContaContabil>
		<DataUltimoMovimento>2019-02-26</DataUltimoMovimento>
		<PrevisaoInicial>105016291115.93</PrevisaoInicial>
		<PrevisaoAtualizada>305709831689.54</PrevisaoAtualizada>
		<ReceitaRealizada>679560261964.31</ReceitaRealizada>
		<ReceitaRealizadaNoBimestre>517817592089.15</ReceitaRealizadaNoBimestre>
		<PercentualReceitaRealizadaNoBimestre>62.93</PercentualReceitaRealizadaNoBimestre>
		<ReceitaRealizadaAteBimestre>698983260468.82</ReceitaRealizadaAteBimestre>
		<PercentualReceitaRealizadaAteBimestre>82.76</PercentualReceitaRealizadaAteBimestre>
		<Saldo>996895382055.96</Saldo>
		<IntraOrcamentaria>2</IntraOrcamentaria>
	</ReceitasBalancoOrcamentario>
</SIAP>
