<?xml version="1.0" ?>
<SIAP>
	<Codigo>60</Codigo>
	<Exercicio>2022</Exercicio>
	<Mes>01</Mes>
	<ReceitaDespesaRPPSSimplificado>
		<ReceitasPrevidenciariasRealizadas>465507145878.51</ReceitasPrevidenciariasRealizadas>
		<DespesasPrevidenciariasEmpenhadas>328016422204.32</DespesasPrevidenciariasEmpenhadas>
		<DespesasPrevidenciariasLiquidadas>192818045745.76</DespesasPrevidenciariasLiquidadas>
		<ResultadoPrevidenciario>657162618477.49</ResultadoPrevidenciario>
		<TipoPlano>2</TipoPlano>
	</ReceitaDespesaRPPSSimplificado>
</SIAP>
