<?xml version="1.0" ?>
<SIAP>
	<Codigo>60</Codigo>
	<Exercicio>2022</Exercicio>
	<Mes>01</Mes>
	<ReceitaCorrenteLiquidaRREO>
		<ContaContabil>812444370</ContaContabil>
		<DataUltimoMovimento>2014-07-09</DataUltimoMovimento>
		<ValorMR11>902626329325.75</ValorMR11>
		<ValorMR10>751100315021.51</ValorMR10>
		<ValorMR09>890428889024.05</ValorMR09>
		<ValorMR08>719620233298.15</ValorMR08>
		<ValorMR07>309767097085.30</ValorMR07>
		<ValorMR06>141719421977.24</ValorMR06>
		<ValorMR05>333466591958.66</ValorMR05>
		<ValorMR04>988862018835.12</ValorMR04>
		<ValorMR03>874924564914.41</ValorMR03>
		<ValorMR02>559911501193.27</ValorMR02>
		<ValorMR01>148359750415.43</ValorMR01>
		<ValorMR>632388522020.66</ValorMR>
		<Total>805904692008.22</Total>
		<PrevisaoAtualizada>481589590692.67</PrevisaoAtualizada>
	</ReceitaCorrenteLiquidaRREO>
</SIAP>
