<?xml version="1.0" ?>
<SIAP>
	<Codigo>60</Codigo>
	<Exercicio>2022</Exercicio>
	<Mes>01</Mes>
	<RestosAPagarRREO>
		<PoderOrgao>10101</PoderOrgao>
		<ProcessadoInscritoExerciciosAnteriores>149136550579.68</ProcessadoInscritoExerciciosAnteriores>
		<ProcessadoInscritoFinalExercicioAnterior>141746634636.53</ProcessadoInscritoFinalExercicioAnterior>
		<ProcessadoPago>997171545107.40</ProcessadoPago>
		<ProcessadoCancelado>783867982954.50</ProcessadoCancelado>
		<ProcessadoSalvo>711826570436.35</ProcessadoSalvo>
		<NaoProcessadoInscritoExerciciosAnteriores>350326164603.68</NaoProcessadoInscritoExerciciosAnteriores>
		<NaoProcessadoInscritoFinalExercicioAnterior>641175907192.01</NaoProcessadoInscritoFinalExercicioAnterior>
		<NaoProcessadoLiquidado>736593845476.26</NaoProcessadoLiquidado>
		<NaoProcessadoPago>130883553117.02</NaoProcessadoPago>
		<NaoProcessadoCancelado>332966288481.57</NaoProcessadoCancelado>
		<NaoProcessadoSalvo>95216882949.96</NaoProcessadoSalvo>
		<SaldoTotal>263840402897.84</SaldoTotal>
		<IntraOrcamentaria>1</IntraOrcamentaria>
	</RestosAPagarRREO>
</SIAP>
