<?xml version="1.0" encoding="UTF-8"?>
<!--Sample XML file generated by XMLSpy v2022 (x64) (http://www.altova.com)-->
<SIAP>
	<Codigo>60</Codigo>
	<Exercicio>2022</Exercicio>
	<Mes>1</Mes>
	<ProjetoLeisOrcamentarias>
		<Exercicio>2022</Exercicio>
		<DataEnvioPPPA>2021-12-15</DataEnvioPPPA>
		<DataEnvioPLDO>2021-12-15</DataEnvioPLDO>
		<DataEnvioPLOA>2021-12-15</DataEnvioPLOA>
		<DataPublicacaoLDO>2021-12-15</DataPublicacaoLDO>
		<ArtigoPLOASuplementacao>6</ArtigoPLOASuplementacao>
		<NumeroPLOA>389/2021</NumeroPLOA>
		<DataPublicacaoPLOA>2021-12-16</DataPublicacaoPLOA>
		<VeiculoPublicacaoPLOA>5</VeiculoPublicacaoPLOA>
		<LimiteSuplementacao>25.00</LimiteSuplementacao>
		<LimiteOperacoesCredito>1.00</LimiteOperacoesCredito>
		<LimiteMinimoEducacao>15.00</LimiteMinimoEducacao>
		<LimiteMaximoPessoal>56.00</LimiteMaximoPessoal>
		<ValorReceitaPrevista>4798937650.00</ValorReceitaPrevista>
		<ValorDespesaFixada>4769472650.00</ValorDespesaFixada>
	</ProjetoLeisOrcamentarias>
</SIAP>
