<?xml version="1.0" ?>
<SIAP>
	<Codigo>60</Codigo>
	<Exercicio>2022</Exercicio>
	<Mes>1</Mes>
	<UnidadeOrcamentaria>
		<Codigo>08000</Codigo>
		<Descricao>Secretaria de Agricultura e abastecimento</Descricao>
	</UnidadeOrcamentaria>	
	<UnidadeOrcamentaria>
		<Codigo>0750</Codigo>
		<Descricao>Apoio administrativo</Descricao>
	</UnidadeOrcamentaria>
	<UnidadeOrcamentaria>
		<Codigo>0751</Codigo>
		<Descricao>Apoio administrativo II</Descricao>
	</UnidadeOrcamentaria>
	<UnidadeOrcamentaria>
		<Codigo>0752</Codigo>
		<Descricao>Apoio administrativo III</Descricao>
	</UnidadeOrcamentaria>
</SIAP>
