<?xml version="1.0" ?>
<SIAP>
	<Codigo>60</Codigo>
	<Exercicio>2022</Exercicio>
	<Mes>01</Mes>
	<AnulacaoLiquidacaoRestosPagar>
		<Numero>57</Numero>
		<NumeroLiquidacaoRestosPagar>35</NumeroLiquidacaoRestosPagar>
		<NumeroEmpenho>3987543</NumeroEmpenho>
		<CodigoUnidadeOrcamentaria>0752</CodigoUnidadeOrcamentaria>
		<Tipo>2</Tipo>
		<Ano>2021</Ano>
		<ContaContabil>100000000</ContaContabil>
		<AnulacaoParcial>2</AnulacaoParcial>		
		<Valor>25.15</Valor>
	</AnulacaoLiquidacaoRestosPagar>
</SIAP>
