<?xml version="1.0" ?>
<SIAP>
	<Codigo>60</Codigo>
	<Exercicio>2022</Exercicio>
	<Mes>01</Mes>
	<AnulacaoRestosPagar>
		<Numero>35</Numero>
		<NumeroRestosPagar>276</NumeroRestosPagar>
		<NumeroEmpenho>3987543</NumeroEmpenho>
		<CodigoUnidadeOrcamentaria>0752</CodigoUnidadeOrcamentaria>
		<Tipo>2</Tipo>
		<Ano>2021</Ano>
		<Data>2021-12-19</Data>
		<ContaContabil>100000000</ContaContabil>
		<AnulacaoParcial>1</AnulacaoParcial>
		<Valor>553.36</Valor>
	</AnulacaoRestosPagar>
	<AnulacaoRestosPagar>
		<Numero>36</Numero>
		<NumeroRestosPagar>277</NumeroRestosPagar>
		<NumeroEmpenho>34879234</NumeroEmpenho>
		<CodigoUnidadeOrcamentaria>0751</CodigoUnidadeOrcamentaria>
		<Tipo>3</Tipo>
		<Ano>2021</Ano>
		<Data>2021-12-07</Data>
		<ContaContabil>100000000</ContaContabil>
		<AnulacaoParcial>1</AnulacaoParcial>
		<Valor>457.36</Valor>
	</AnulacaoRestosPagar>
</SIAP>
