<?xml version="1.0" ?>
<SIAP>
	<Codigo>60</Codigo>
	<Exercicio>2022</Exercicio>
	<Mes>01</Mes>
	<AnulacaoPagamentoRestosPagar>
		<Numero>12890</Numero>
		<NumeroPagamentoRestosPagar>277</NumeroPagamentoRestosPagar>
		<NumeroEmpenho>34879234</NumeroEmpenho>
		<CodigoUnidadeOrcamentaria>0751</CodigoUnidadeOrcamentaria>
		<Tipo>1</Tipo>
		<Ano>2021</Ano>
		<AnulacaoParcial>2</AnulacaoParcial>
		<ContaContabil>100000000</ContaContabil>
		<Valor>80.44</Valor>
	</AnulacaoPagamentoRestosPagar>
</SIAP>
