<?xml version="1.0" ?>
<SIAP>
	<Codigo>60</Codigo>
	<Exercicio>2022</Exercicio>
	<Mes>01</Mes>
	<BemPatrimonial>
		<Codigo>7689</Codigo>
		<Descricao>Veículo</Descricao>
		<TipoPropriedade>1</TipoPropriedade>
		<NaturezaBem>1</NaturezaBem>
		<TipoUtilizacao>3</TipoUtilizacao>
		<Categoria>27</Categoria>
		<InstrumentoDestinacao>16</InstrumentoDestinacao>
		<Cessionario>Garagem carros</Cessionario>
		<CNPJCessionario>27128318000109</CNPJCessionario>
	</BemPatrimonial>
	<BemPatrimonial>
		<Codigo>7690</Codigo>
		<Descricao>Imovel</Descricao>
		<TipoPropriedade>2</TipoPropriedade>
		<NaturezaBem>2</NaturezaBem>
		<TipoUtilizacao>2</TipoUtilizacao>
		<Categoria>39</Categoria>
		<InstrumentoDestinacao>9</InstrumentoDestinacao>
		<Cessionario>Imobiliaria X</Cessionario>
		<CNPJCessionario>07146535000114</CNPJCessionario>
	</BemPatrimonial>
</SIAP>
