<?xml version="1.0" ?>
<SIAP>
	<Codigo>60</Codigo>
	<Exercicio>2022</Exercicio>
	<Mes>01</Mes>
	<Empenho>
		<NumeroEmpenho>348790871</NumeroEmpenho>
		<Tipo>3</Tipo>
		<Ano>2021</Ano>
		<CodigoUnidadeGestora>821</CodigoUnidadeGestora>
		<CodigoUnidadeOrcamentaria>0750</CodigoUnidadeOrcamentaria>
		<FuncaoSubfuncao>11122</FuncaoSubfuncao>
		<CodigoPrograma>670</CodigoPrograma>
		<CodigoAcao>230</CodigoAcao>
		<ContaContabil>100000000</ContaContabil>
		<NaturezaDespesa>11000000</NaturezaDespesa>
		<DataEmissao>2020-11-17</DataEmissao>
		<TipoContratacao>2</TipoContratacao>
		<NumeroContratacao>5467/2021</NumeroContratacao>
		<NumeroContrato>170/2021</NumeroContrato>
		<NumeroLicitacao>0684/2021</NumeroLicitacao>
		<NumeroConvenio></NumeroConvenio>
		<NumeroProcesso></NumeroProcesso>
		<Credor>19976609000129</Credor>
		<Valor>619134.35</Valor>
	</Empenho>
	<Empenho>
		<NumeroEmpenho>34879234</NumeroEmpenho>
		<Tipo>3</Tipo>
		<Ano>2021</Ano>
		<CodigoUnidadeGestora>823</CodigoUnidadeGestora>
		<CodigoUnidadeOrcamentaria>0751</CodigoUnidadeOrcamentaria>
		<FuncaoSubfuncao>05151</FuncaoSubfuncao>
		<CodigoPrograma>672</CodigoPrograma>
		<CodigoAcao>231</CodigoAcao>
		<ContaContabil>100000000</ContaContabil>
		<NaturezaDespesa>11000000</NaturezaDespesa>
		<DataEmissao>2021-11-13</DataEmissao>
		<TipoContratacao>2</TipoContratacao>
		<NumeroContratacao>7892/2021</NumeroContratacao>
		<NumeroContrato>180/2021</NumeroContrato>
		<NumeroLicitacao></NumeroLicitacao>
		<NumeroConvenio></NumeroConvenio>
		<NumeroProcesso></NumeroProcesso>
		<Credor>58655227000155</Credor>
		<Valor>345680.35</Valor>
	</Empenho>
	<Empenho>
		<NumeroEmpenho>3987543</NumeroEmpenho>
		<Tipo>2</Tipo>
		<Ano>2021</Ano>
		<CodigoUnidadeGestora>66</CodigoUnidadeGestora>
		<CodigoUnidadeOrcamentaria>0752</CodigoUnidadeOrcamentaria>
		<FuncaoSubfuncao>28121</FuncaoSubfuncao>
		<CodigoPrograma>673</CodigoPrograma>
		<CodigoAcao>231</CodigoAcao>
		<ContaContabil>100000000</ContaContabil>
		<NaturezaDespesa>11000000</NaturezaDespesa>
		<DataEmissao>2021-11-15</DataEmissao>
		<TipoContratacao>2</TipoContratacao>
		<NumeroContratacao>7896/2021</NumeroContratacao>
		<NumeroContrato>182/2021</NumeroContrato>
		<NumeroLicitacao>0679/2021</NumeroLicitacao>
		<NumeroConvenio></NumeroConvenio>
		<NumeroProcesso></NumeroProcesso>
		<Credor>76991032000168</Credor>
		<Valor>500000.00</Valor>
	</Empenho>
</SIAP>
