<?xml version="1.0" ?>
<SIAP>
	<Codigo>60</Codigo>
	<Exercicio>2022</Exercicio>
	<Mes>01</Mes>
	<LiquidacaoRestosPagar>
		<Numero>35</Numero>
		<NumeroRestosPagar>276</NumeroRestosPagar>
		<NumeroEmpenho>3987543</NumeroEmpenho>
		<CodigoUnidadeOrcamentaria>0752</CodigoUnidadeOrcamentaria>
		<Tipo>2</Tipo>
		<Ano>2021</Ano>
		<ContaContabil>100000000</ContaContabil>
		<Data>2021-12-02</Data>
		<TipoDocumento>2</TipoDocumento>
		<NumeroDocumentoFiscal>6616550363</NumeroDocumentoFiscal>
		<SerieDocumentoFiscal>0121</SerieDocumentoFiscal>
		<Valor>725.15</Valor>
	</LiquidacaoRestosPagar>
	<LiquidacaoRestosPagar>
		<Numero>36</Numero>
		<NumeroRestosPagar>277</NumeroRestosPagar>
		<NumeroEmpenho>34879234</NumeroEmpenho>
		<CodigoUnidadeOrcamentaria>0751</CodigoUnidadeOrcamentaria>
		<Tipo>3</Tipo>
		<Ano>2021</Ano>
		<ContaContabil>100000000</ContaContabil>
		<Data>2021-12-05</Data>
		<TipoDocumento>3</TipoDocumento>
		<NumeroDocumentoFiscal>29086421</NumeroDocumentoFiscal>
		<SerieDocumentoFiscal>0134</SerieDocumentoFiscal>
		<Valor>205.15</Valor>
	</LiquidacaoRestosPagar>
</SIAP>
