<?xml version="1.0" ?>
<SIAP>
	<Codigo>60</Codigo>
	<Exercicio>2022</Exercicio>
	<Mes>01</Mes>
	<LiquidacaoEmpenho>
		<Numero>658</Numero>
		<NumeroEmpenho>348790871</NumeroEmpenho>
		<CodigoUnidadeOrcamentaria>0750</CodigoUnidadeOrcamentaria>
		<ContaContabil>100000000</ContaContabil>
		<Data>2021-12-01</Data>
		<TipoDocumento>1</TipoDocumento>
		<NumeroDocumentoFiscal>09199745</NumeroDocumentoFiscal>
		<SerieDocumentoFiscal>4610</SerieDocumentoFiscal>
		<Valor>53234.66</Valor>
		<ChaveAcesso></ChaveAcesso>
		<Justificativa>Exemplo de justificativa</Justificativa>
	</LiquidacaoEmpenho>
	<LiquidacaoEmpenho>
		<Numero>659</Numero>
		<NumeroEmpenho>34879234</NumeroEmpenho>
		<CodigoUnidadeOrcamentaria>0751</CodigoUnidadeOrcamentaria>
		<ContaContabil>100000000</ContaContabil>
		<Data>2021-12-01</Data>
		<TipoDocumento>3</TipoDocumento>
		<NumeroDocumentoFiscal>76549089</NumeroDocumentoFiscal>
		<SerieDocumentoFiscal>5789</SerieDocumentoFiscal>
		<Valor>345680.35</Valor>
		<ChaveAcesso></ChaveAcesso>
		<Justificativa>Exemplo de justificativa 2</Justificativa>
	</LiquidacaoEmpenho>
</SIAP>
