<?xml version="1.0" ?>
<SIAP>
	<Codigo>60</Codigo>
	<Exercicio>2022</Exercicio>
	<Mes>01</Mes>
	<MatrizSaldosContabeis>
		<Conta>100000000</Conta>
		<Valor>85566131.53</Valor>
		<TipoValor>period_change</TipoValor>
		<NaturezaValor>C</NaturezaValor>
		<PoderOrgao>10101</PoderOrgao>
		<FinanceiroPermanente>2</FinanceiroPermanente>
		<NaturezaReceita>10000000</NaturezaReceita>
		<NaturezaDespesa>11000000</NaturezaDespesa>
		<FuncaoSubfuncao>00031</FuncaoSubfuncao>
		<AnoInscricao>2021</AnoInscricao>
		<DividaConsolidada></DividaConsolidada>
		<CodigoFonteRecursoProprio></CodigoFonteRecursoProprio>
		<CodigoOrcamentario></CodigoOrcamentario>
	</MatrizSaldosContabeis>
</SIAP>
