<?xml version="1.0" ?>
<SIAP>
	<Codigo>60</Codigo>
	<Exercicio>2022</Exercicio>
	<Mes>01</Mes>
	<RestosPagar>
		<Numero>276</Numero>
		<NumeroEmpenho>3987543</NumeroEmpenho>
		<Tipo>3</Tipo>
		<TipoEmpenho>2</TipoEmpenho>
		<CodigoUnidadeGestora>66</CodigoUnidadeGestora>
		<CodigoUnidadeOrcamentaria>0752</CodigoUnidadeOrcamentaria>
		<FuncaoSubfuncao>28121</FuncaoSubfuncao>
		<CodigoPrograma>673</CodigoPrograma>
		<CodigoAcao>231</CodigoAcao>
		<ContaContabil>100000000</ContaContabil>
		<NaturezaDespesa>11000000</NaturezaDespesa>
		<AnoEmissaoEmpenho>2021</AnoEmissaoEmpenho>
		<DataEmissao>2021-12-18</DataEmissao>
		<NumeroContratacao>7896/2021</NumeroContratacao>
		<NumeroLicitacao>0679/2021</NumeroLicitacao>
		<NumeroConvenio></NumeroConvenio>
		<NumeroProcesso></NumeroProcesso>
		<Credor>76991032000168</Credor>
		<Valor>7790.61</Valor>
		<NumeroContrato></NumeroContrato>
	</RestosPagar>
	<RestosPagar>
		<Numero>277</Numero>
		<NumeroEmpenho>34879234</NumeroEmpenho>
		<Tipo>1</Tipo>
		<TipoEmpenho>2</TipoEmpenho>
		<CodigoUnidadeGestora>823</CodigoUnidadeGestora>
		<CodigoUnidadeOrcamentaria>0751</CodigoUnidadeOrcamentaria>
		<FuncaoSubfuncao>05151</FuncaoSubfuncao>
		<CodigoPrograma>672</CodigoPrograma>
		<CodigoAcao>231</CodigoAcao>
		<ContaContabil>100000000</ContaContabil>
		<NaturezaDespesa>11000000</NaturezaDespesa>
		<AnoEmissaoEmpenho>2021</AnoEmissaoEmpenho>
		<DataEmissao>2021-11-18</DataEmissao>
		<NumeroContratacao>7892/2021</NumeroContratacao>
		<NumeroLicitacao>180/2021</NumeroLicitacao>
		<NumeroConvenio></NumeroConvenio>
		<NumeroProcesso></NumeroProcesso>
		<Credor>58655227000155</Credor>
		<Valor>680.35</Valor>
		<NumeroContrato></NumeroContrato>
	</RestosPagar>
</SIAP>
