<?xml version="1.0" ?>
<SIAP>
	<Codigo>60</Codigo>
	<Exercicio>2022</Exercicio>
	<Mes>01</Mes>
	<RetencaoRestosPagar>
		<NumeroEmpenho>34879234</NumeroEmpenho>
		<NumeroRestosPagar>277</NumeroRestosPagar>
		<CodigoUnidadeOrcamentaria>0751</CodigoUnidadeOrcamentaria>
		<NumeroDocumento>659</NumeroDocumento>
		<NumeroLiquidacao>tLqkrftGsVLQEUDC</NumeroLiquidacao>
		<NumeroPagamento>ckFXVnGFczyGbmEN</NumeroPagamento>
		<DataPagamento>2021-11-29</DataPagamento>
		<AnoEmissao>5899</AnoEmissao>
		<TipoRestoAPagar>1</TipoRestoAPagar>
		<Tipo>1</Tipo>
		<OrdemBancaria>2</OrdemBancaria>
		<Valor>43032317223.79</Valor>
	</RetencaoRestosPagar>
</SIAP>
