<?xml version="1.0" ?>
<SIAP>
	<Codigo>60</Codigo>
	<Exercicio>2022</Exercicio>
	<Mes>01</Mes>
	<LicencaAmbiental>
		<NumeroProcesso>5432/2021</NumeroProcesso>
		<Tipo>3</Tipo>
		<Empreendimento>Escola Municipal Santos Dumont</Empreendimento>
		<Endereco>Rua Doutor Miguel Torres 19 Centro</Endereco>
		<Interessado>Ministerio da Educação</Interessado>
		<CompensacaoAmbiental>2</CompensacaoAmbiental>
		<ValorCompensacao>1000.00</ValorCompensacao>
		<TipoCompensacao>Contrapartida Social</TipoCompensacao>
	</LicencaAmbiental>
</SIAP>
