<?xml version="1.0" ?>
<SIAP>
	<Codigo>60</Codigo>
	<Exercicio>2022</Exercicio>
	<Mes>01</Mes>
	<Obra>
		<NumeroLicitacao>0679/2021</NumeroLicitacao>
		<NumeroContratacaoDireta></NumeroContratacaoDireta>
		<NumeroContrato>182/2021</NumeroContrato>
		<NumeroProcesso>5432/2021</NumeroProcesso>
		<AnoLicitacao>2021</AnoLicitacao>
		<ObjetoContrato>Construção de escola</ObjetoContrato>
		<RegimeExecucacaoObra>1</RegimeExecucacaoObra>
		<DataInicioPrevista>2021-07-05</DataInicioPrevista>
		<DataFimPrevista>2022-07-05</DataFimPrevista>
		<PrazoExecucao>22</PrazoExecucao>
		<TipoObra>11</TipoObra>
		<TipoServico>2</TipoServico>
		<SetorBeneficiado>2</SetorBeneficiado>
		<NaturezaObra>2</NaturezaObra>
		<CodigoExecutor>76991032000168</CodigoExecutor>
		<Endereco>Rua Luis Teixeira Costa sn Centro</Endereco>
		<CEP>57770970</CEP>
		<Latitude> -9.3901317</Latitude>
		<Longitude>-36.154866</Longitude>
		<RegistroCREA>2343252627</RegistroCREA>
		<CPF>12828162095</CPF>
		<CodigoQualificacao>6</CodigoQualificacao>
	</Obra>
</SIAP>
