<?xml version="1.0" ?>
<SIAP>
	<Codigo>60</Codigo>
	<Exercicio>2022</Exercicio>
	<Mes>01</Mes>
	<OrdemServico>
		<NumeroContrato>182/2021</NumeroContrato>
		<NumeroOS>176</NumeroOS>
		<Descricao>Conferência de entrada e saída de mercadorias/ Cumprir e observar normas técnicas administrativas meio-ambiente e de segurança/ Executar outras atribuições semelhantes conforme necessidade/ Movimentação de mercadorias/ Serviços Gerais</Descricao>
		<DataEmissao>2021-07-03</DataEmissao>
		<DataInicio>2021-07-05</DataInicio>
		<CPFResponsavel>12828162095</CPFResponsavel>
	</OrdemServico>
</SIAP>
