<?xml version="1.0" ?>
<SIAP>
	<Codigo>60</Codigo>
	<Exercicio>2022</Exercicio>
	<Mes>01</Mes>
	<ApuracaoCumprimentoLimitesOperacaoDeCredito>
		<ReceitaCorrenteLiquida>11224925666.85</ReceitaCorrenteLiquida>
		<TransferenciasEmendasIndividuais>95354963915.49</TransferenciasEmendasIndividuais>
		<ReceitaCorrenteLiquidaAjustada>82628180898.59</ReceitaCorrenteLiquidaAjustada>
		<OperacoesVedadas>47974950136.51</OperacoesVedadas>
		<PorcentagemOperacoesVedadas>89.26</PorcentagemOperacoesVedadas>
		<TotalParaApuracaoDoLimite>54150931256.13</TotalParaApuracaoDoLimite>
		<PorcentagemTotalParaApuracaoDoLimite>4.34</PorcentagemTotalParaApuracaoDoLimite>
		<LimiteGeral>79737635428.61</LimiteGeral>
		<PorcentagemLimiteGeral>31.39</PorcentagemLimiteGeral>
		<LimiteAlerta>59050689366.65</LimiteAlerta>
		<PorcentagemLimiteAlerta>91.40</PorcentagemLimiteAlerta>
		<OperacoesPorAntecipacao>67617215310.65</OperacoesPorAntecipacao>
		<PorcentagemOperacoesPorAntecipacao>85.14</PorcentagemOperacoesPorAntecipacao>
		<LimiteAlertaAntecipacao>44951424300.86</LimiteAlertaAntecipacao>
		<PorcentagemLimiteAlertaAntecipacao>11.25</PorcentagemLimiteAlertaAntecipacao>
	</ApuracaoCumprimentoLimitesOperacaoDeCredito>
</SIAP>
