<?xml version="1.0" ?>
<SIAP>
	<Codigo>60</Codigo>
	<Exercicio>2022</Exercicio>
	<Mes>01</Mes>
	<CumprimentoLimiteLegalDespesaPessoal>
		<ReceitaCorrenteLiquida>58536353581.34</ReceitaCorrenteLiquida>
		<TransferenciasEmendasIndividuais>80279658083.13</TransferenciasEmendasIndividuais>
		<TransferenciasEmendasDeBancada>70780642934.25</TransferenciasEmendasDeBancada>
		<ReceitaCorrenteLiquidaAjustada>16317409819.16</ReceitaCorrenteLiquidaAjustada>
		<DespesaTotalPessoal>99708309745.78</DespesaTotalPessoal>
		<PorcentagemDespesaTotalPessoal>16.67</PorcentagemDespesaTotalPessoal>
		<ValorLimiteMaximo>19719409399.98</ValorLimiteMaximo>
		<PorcentagemLimiteMaximo>99.15</PorcentagemLimiteMaximo>
		<ValorLimitePrudencial>88926078169.66</ValorLimitePrudencial>
		<PorcentagemLimitePrudencial>60.80</PorcentagemLimitePrudencial>
		<ValorLimiteDeAlerta>10564436517.36</ValorLimiteDeAlerta>
		<PorcentagemLimiteDeAlerta>40.58</PorcentagemLimiteDeAlerta>
	</CumprimentoLimiteLegalDespesaPessoal>
</SIAP>
