<?xml version="1.0" ?>
<SIAP>
	<Codigo>60</Codigo>
	<Exercicio>2022</Exercicio>
	<Mes>01</Mes>
	<DespesaComPessoalDetalhada>
		<ContaContabil>125553030</ContaContabil>
		<DataUltimoMovimento>2008-08-18</DataUltimoMovimento>
		<DespesaMesReferencia11>31614370425.73</DespesaMesReferencia11>
		<DespesaMesReferencia10>63306027391.37</DespesaMesReferencia10>
		<DespesaMesReferencia9>31665406425.21</DespesaMesReferencia9>
		<DespesaMesReferencia8>34183412447.32</DespesaMesReferencia8>
		<DespesaMesReferencia7>71202198753.20</DespesaMesReferencia7>
		<DespesaMesReferencia6>35010546888.00</DespesaMesReferencia6>
		<DespesaMesReferencia5>86716903875.22</DespesaMesReferencia5>
		<DespesaMesReferencia4>93487179442.59</DespesaMesReferencia4>
		<DespesaMesReferencia3>34443193900.95</DespesaMesReferencia3>
		<DespesaMesReferencia2>24203625233.03</DespesaMesReferencia2>
		<DespesaMesReferencia1>91929017542.74</DespesaMesReferencia1>
		<DespesaMesReferencia>46486139684.28</DespesaMesReferencia>
		<ValorTotal>72147447732.79</ValorTotal>
		<RestosAPagarNaoProcessados>64630491333.58</RestosAPagarNaoProcessados>
	</DespesaComPessoalDetalhada>
</SIAP>
