<?xml version="1.0" ?>
<SIAP>
	<Codigo>60</Codigo>
	<Exercicio>2022</Exercicio>
	<Mes>01</Mes>
	<TrajetoriaRetornoLimiteDespesaTotalPessoal>
		<ExercicioDeDescumprimento>8526</ExercicioDeDescumprimento>
		<PeriodoExcedente>2</PeriodoExcedente>
		<LimiteMaximo>76158358966.70</LimiteMaximo>
		<PercentualAtingido>35.74</PercentualAtingido>
		<PercentualExcedente>12.37</PercentualExcedente>
		<ExercicioAjuste>5985</ExercicioAjuste>
		<PeriodoAjuste>2</PeriodoAjuste>
		<RedutorMinimoExcedente>88465105183.64</RedutorMinimoExcedente>
		<LimiteMaximoAjuste>61379263853.18</LimiteMaximoAjuste>
		<PercentualAtingidoAjuste>59.86</PercentualAtingidoAjuste>
		<ExercicioSegundoAjuste>3664</ExercicioSegundoAjuste>
		<PeriodoSegundoAjuste>2</PeriodoSegundoAjuste>
		<RedutorResidual>53032621095.60</RedutorResidual>
		<LimiteMaximoSegundoAjuste>92443579890.36</LimiteMaximoSegundoAjuste>
		<PercentualAtingidoSegundoAjuste>51.70</PercentualAtingidoSegundoAjuste>
	</TrajetoriaRetornoLimiteDespesaTotalPessoal>
</SIAP>
