<?xml version="1.0" ?>
<SIAP>
	<Codigo>60</Codigo>
	<Exercicio>2022</Exercicio>
	<Mes>01</Mes>
	<Acao>
		<Numero>230</Numero>
		<Descricao> SUBVENCAO ECONOMICA EM OPERACOES NO AMBITO DO PROGRAMA NACIONAL DE FORTALECIMENTO DA AGRICULTURA FAMILIAR </Descricao>
		<Tipo>2</Tipo>
		<CodigoUnidadeGestora>60</CodigoUnidadeGestora>
		<CodigoUnidadeOrcamentaria>08000</CodigoUnidadeOrcamentaria>
		<CodigoFuncao>20</CodigoFuncao>
		<CodigoSubfuncao>606</CodigoSubfuncao>
		<CodigoPrograma>0080</CodigoPrograma>
	</Acao>	
	<Acao>
		<Numero>231</Numero>
		<Descricao> Ação governamental</Descricao>
		<Tipo>2</Tipo>
		<CodigoUnidadeGestora>60</CodigoUnidadeGestora>
		<CodigoUnidadeOrcamentaria>0751</CodigoUnidadeOrcamentaria>
		<CodigoFuncao>20</CodigoFuncao>
		<CodigoSubfuncao>606</CodigoSubfuncao>
		<CodigoPrograma>672</CodigoPrograma>
	</Acao>	
</SIAP>
