<?xml version="1.0" ?>
<SIAP>
        <Codigo>60</Codigo>
	<Exercicio>2022</Exercicio>
	<Mes>1</Mes>
	<LeisOrcamentarias>
		<NumeroPPA>2018/2022</NumeroPPA>
		<DataPublicacaoPPA>2018-11-18</DataPublicacaoPPA>
		<VeiculoPublicacaoPPA>4</VeiculoPublicacaoPPA>
		<NumeroLDO>02/2018</NumeroLDO>
		<DataPublicacaoLDO>2018-11-19</DataPublicacaoLDO>
		<VeiculoPublicacaoLDO>4</VeiculoPublicacaoLDO>
		<NumeroLOA>15/2018</NumeroLOA>
		<DataPublicacaoLOA>2018-11-20</DataPublicacaoLOA>
		<VeiculoPublicacaoLOA>1</VeiculoPublicacaoLOA>
		<NumeroAtoDetalhamentoDespesa>25/2018</NumeroAtoDetalhamentoDespesa>
		<DataPublicacaoDetalhamentoDespesa>2018-11-21</DataPublicacaoDetalhamentoDespesa>
		<VeiculoPublicacaoDetalhamentoDespesa>1</VeiculoPublicacaoDetalhamentoDespesa>
		<ArtigoLoaSuplementacao>Art 4o Fica autorizada a abertura de créditos suplementares para o aumento de dotações fixadas por esta Lei desde que compatíveis com a obtenção da meta de resultado primário estabelecida na Lei no 13473 de 8 de agosto de 2017</ArtigoLoaSuplementacao>
		<LimiteSuplementacao>20.00</LimiteSuplementacao>
		<LimiteOperacoesCredito>50.00</LimiteOperacoesCredito>
		<LimiteMinimoEducacao>30.00</LimiteMinimoEducacao>
		<LimiteMaximoPessoal>35.00</LimiteMaximoPessoal>
		<ValorReceitaPrevista>500000.00</ValorReceitaPrevista>
		<ValorDespesaFixada>4500000.00</ValorDespesaFixada>
	</LeisOrcamentarias>	
</SIAP>
