<?xml version="1.0" ?>
<SIAP>
	<Codigo>60</Codigo>
	<Exercicio>2022</Exercicio>
	<Mes>01</Mes>
	<Programa>
		<Codigo>0080</Codigo>
		<Descricao>Concessão de subvenção ao preço do óleo diesel aos pescadores profissionais/ armadores/ cooperativas de pesca e indústrias pesqueiras objetivando equiparar o preço do óleo diesel doméstico ao praticado em nível internacional.</Descricao>
		<Objetivo>Execução por meio de ressarcimento financeiro aos beneficiários aprovados no de cadastro das embarcações pesqueiras</Objetivo>
		<Finalistico>2</Finalistico>
		<Valor>89890.83</Valor>
	</Programa>	
	<Programa>
		<Codigo>670</Codigo>
		<Descricao>Implementação e gerenciamento de corredores ecológicos/ construção de quadros econômicos/ sociais e políticos sustentáveis/ fortalecimentoda gestão participativa e descentralizada com planejamento.</Descricao>
		<Objetivo>Implantar corredores ecológicos nos diferentes biomas a fim de promover a conservação e recuperação de áreas críticas ede áreas de excepcional valor paisagístico</Objetivo>
		<Finalistico>2</Finalistico>
		<Valor>120000.32</Valor>
	</Programa>	
	<Programa>
		<Codigo>672</Codigo>
		<Descricao>Defesa nacional</Descricao>
		<Objetivo>Defender o país</Objetivo>
		<Finalistico>2</Finalistico>
		<Valor>10000000.32</Valor>
	</Programa>	
	<Programa>
		<Codigo>673</Codigo>
		<Descricao>Programa de gerenciamento de gastos</Descricao>
		<Objetivo>Gerenciar os gastos</Objetivo>
		<Finalistico>2</Finalistico>
		<Valor>10000000.32</Valor>
	</Programa>	
</SIAP>
