<?xml version="1.0" encoding="UTF-8" standalone="no"?><SIAP><Codigo>000815</Codigo><Exercicio>2024</Exercicio><Mes>02</Mes><Pensionista><CPF>64713830453</CPF><Matricula>00100104</Matricula><Processo/><NumeroAto>1</NumeroAto><DataAto>2024-04-20</DataAto><VeiculoPublicacao>2</VeiculoPublicacao><CPFPensionista>07059823433</CPFPensionista><NomePensionista>ANGELA LEAL DE ALBUQUERQUE PEREIRA</NomePensionista><DataNascimento>1978-09-23</DataNascimento><GrauParentesco>1</GrauParentesco><TipoBeneficio>2</TipoBeneficio><DataInicio>2023-12-15</DataInicio><DataFim/><Percentual>100.00</Percentual><Responsavel>2</Responsavel><Revisao>2</Revisao></Pensionista><Pensionista><CPF>44251378415</CPF><Matricula>00000169</Matricula><Processo/><NumeroAto/><DataAto/><VeiculoPublicacao/><CPFPensionista>04922093400</CPFPensionista><NomePensionista>ANTONIO DE FARIAS NETO</NomePensionista><DataNascimento>1943-07-20</DataNascimento><GrauParentesco>1</GrauParentesco><TipoBeneficio>2</TipoBeneficio><DataInicio>2021-10-21</DataInicio><DataFim/><Percentual>100.00</Percentual><Responsavel>2</Responsavel><Revisao>2</Revisao></Pensionista><Pensionista><CPF>08845182487</CPF><Matricula>00000154</Matricula><Processo/><NumeroAto/><DataAto/><VeiculoPublicacao/><CPFPensionista>06231846482</CPFPensionista><NomePensionista>EDLENE CAVALCANTE FARIAS</NomePensionista><DataNascimento>1956-03-30</DataNascimento><GrauParentesco>1</GrauParentesco><TipoBeneficio>2</TipoBeneficio><DataInicio>2017-07-03</DataInicio><DataFim/><Percentual>33.34</Percentual><Responsavel>2</Responsavel><Revisao>2</Revisao></Pensionista><Pensionista><CPF>22770275453</CPF><Matricula>00000435</Matricula><Processo/><NumeroAto/><DataAto/><VeiculoPublicacao/><CPFPensionista>80426395468</CPFPensionista><NomePensionista>GENILDA MARIA DE OLIVEIRA</NomePensionista><DataNascimento>1958-05-29</DataNascimento><GrauParentesco>1</GrauParentesco><TipoBeneficio>2</TipoBeneficio><DataInicio>2019-07-30</DataInicio><DataFim/><Percentual>100.00</Percentual><Responsavel>2</Responsavel><Revisao>2</Revisao></Pensionista><Pensionista><CPF>08845182487</CPF><Matricula>00000154</Matricula><Processo/><NumeroAto/><DataAto/><VeiculoPublicacao/><CPFPensionista>07065797473</CPFPensionista><NomePensionista>MARIA CLEUVANIA ACIOLE DOS SANTOS</NomePensionista><DataNascimento>1979-11-11</DataNascimento><GrauParentesco>1</GrauParentesco><TipoBeneficio>2</TipoBeneficio><DataInicio>2017-07-03</DataInicio><DataFim/><Percentual>66.66</Percentual><Responsavel>2</Responsavel><Revisao>2</Revisao></Pensionista></SIAP>